id,name,machineCode,price,parentCategory,MetaTagTitle,MetaTagDescription,keywords,description_short,description_long,extended_info,title,title_carousel,PhotoAlt
36,PLAT.TIJERA ELECTRICA 8 M,PLAUTE008,36.57,elevadores-tijera,Plataforma Tijera Eléctrica 8m en Alquiler · Equipzilla,"Alquila tijera eléctrica 8m desde 36,57€/día. Ideal para mantenimiento interior sin emisiones. Entrega 24-48h en toda España. Presupuesto en 15 min.","plataforma tijera eléctrica 8m, alquiler tijera eléctrica, alquilar plataforma elevadora 8 metros, precio tijera eléctrica, plataforma elevadora interior, elevador tijera batería, JLG 1930ES, Genie GS-1932, alquiler plataforma tijera, tijera elevadora eléctrica, plataforma de tijera 8m, qué es una plataforma tijera","Tijera eléctrica de 8m pensada para trabajos en interior: electricidad, climatización y mantenimiento en naves. Cero emisiones y funcionamiento silencioso.","La plataforma tijera eléctrica de 8 metros es la solución estándar para tareas en altura en interior: instalación de luminarias, climatización, conductos, rotulación y mantenimiento en naves logísticas, centros comerciales y oficinas. Su chasis compacto permite maniobrar en pasillos estrechos y acceder por puertas industriales. Frente al andamio rodante, reduce tiempos de montaje y mejora la productividad con dos operarios trabajando simultáneamente en plataforma. Equipada con motor eléctrico alimentado por baterías, no genera emisiones y opera con ruido mínimo, apta para locales ocupados. Altura de trabajo 8 m, capacidad de carga 230 kg y ruedas no marcantes que respetan pavimentos pulidos. Modelos habituales: JLG 1930ES, Genie GS-1932, Haulotte Compact 8. En Equipzilla comparas precios entre alquiladores locales verificados, reservas online y recibes la máquina donde la necesites en 24-48h con presupuesto cerrado.","• Altura de trabajo: 8 m
• Altura de plataforma: 5,8 m
• Capacidad de carga: 230 kg
• Dimensiones: 1,80 x 0,76 x 2 m
• Peso operativo: 1.450 kg
• Alimentación: eléctrica 24V (baterías)
• Operarios en cesta: 2
• Ruedas no marcantes para interior
• Pendiente máx.: 25%
• Modelos similares: JLG 1930ES, Genie GS-1932",Alquiler de Plataforma Tijera Eléctrica 8m para interior,Tijera Eléctrica 8M,Plataforma tijera eléctrica de 8 metros de alquiler en Equipzilla — mantenimiento interior en naves logísticas
37,PLAT.TIJERA ELECTRICA 10 M,PLAUTE010,51.06,elevadores-tijera,Tijera Eléctrica 10m en Alquiler | Equipzilla,"Tijera eléctrica 10m desde 51,06€/día, entrega en toda España sin fianza oculta. Perfecta para instalaciones en naves. Reserva online en minutos.","tijera eléctrica 10m, alquiler plataforma tijera 10 metros, plataforma elevadora eléctrica, alquilar tijera 10m, precio tijera eléctrica 10m, elevador tijera interior, plataforma de tijera batería, JLG 2646ES, Genie GS-2632, Haulotte Optimum 8, plataforma elevadora naves, alquiler elevador personas",Elevador de tijera eléctrico de 10m para trabajos de instalación y mantenimiento en altura. Baterías de alta autonomía y tránsito libre en interiores.,"La plataforma tijera eléctrica de 10 metros amplía el rango de trabajo para instalaciones eléctricas, tendido de cables, climatización y revisión de estructuras en naves industriales y centros comerciales. Su estabilidad en extensión completa la hace ideal para tareas continuadas con herramienta pesada en cesta. Comparada con una tijera de 8 m, gana alcance útil sin sacrificar maniobrabilidad en pasillos; y frente al andamio, elimina el tiempo muerto de montaje. Motor eléctrico, baterías para jornada completa, capacidad 230 kg y dos operarios en plataforma con barandilla batiente. Extensión de suelo para alcanzar repisas y estanterías altas. Modelos de referencia: JLG 2646ES, Genie GS-2632, Haulotte Optimum 8. En Equipzilla accedes a una red nacional de alquiladores, comparas tarifas reales y cierras el alquiler online con entrega coordinada en obra.","• Altura de trabajo: 10 m
• Altura de plataforma: 7,8 m
• Capacidad de carga: 230 kg
• Dimensiones: 2,26 x 0,81 x 2,1 m
• Peso operativo: 1.980 kg
• Alimentación: eléctrica (baterías 24V)
• Operarios en cesta: 2
• Extensión de plataforma: 0,90 m
• Pendiente máx.: 25%
• Modelos similares: JLG 2646ES, Genie GS-2632",Alquiler de Plataforma Tijera Eléctrica 10m autopropulsada,Tijera Eléctrica 10M,Plataforma tijera eléctrica 10m de alquiler en Equipzilla — instalación eléctrica en nave industrial
38,PLAT.TIJERA ELECTRICA 12 M,PLAUTE012,55.2,elevadores-tijera,Tijera Eléctrica 12m en Alquiler · Equipzilla,"Alquila plataforma tijera eléctrica 12m desde 55,20€/día. Trabajo en altura sin emisiones, entrega nacional y presupuesto cerrado en 15 minutos.","tijera eléctrica 12m, alquiler plataforma tijera 12 metros, elevador tijera eléctrica 12m, plataforma elevadora 12m interior, alquilar tijera 12m precio, plataforma tijera batería, JLG 3246ES, Genie GS-3246, Haulotte Compact 12, plataforma elevadora personas, alquiler elevador interior, tijera autopropulsada 12m",Plataforma tijera eléctrica de 12m para mantenimiento industrial y montajes en naves de gran altura. Funcionamiento silencioso apto para instalaciones en marcha.,"Con 12 metros de altura de trabajo, esta tijera eléctrica cubre la mayoría de naves logísticas y industriales modernas. Se usa en montaje de racks, mantenimiento de luminarias LED, climatización industrial, pintura de estructuras y limpieza de cubiertas interiores. Su tracción eléctrica permite desplazarse con la plataforma semi-elevada entre puntos de trabajo, reduciendo ciclos y aumentando productividad. Frente a una tijera diésel equivalente, evita restricciones de uso en interiores y cumple con los requisitos de obras en entornos con personal. Capacidad 320 kg, extensión de 1,2 m y ruedas no marcantes. Referencias habituales del mercado: JLG 3246ES, Genie GS-3246, Haulotte Compact 12. Equipzilla agrupa a los principales alquiladores de España: comparas precio por día/semana/mes y contratas online con factura única.","• Altura de trabajo: 12 m
• Altura de plataforma: 10 m
• Capacidad de carga: 320 kg
• Dimensiones: 2,48 x 1,17 x 2,3 m
• Peso operativo: 2.850 kg
• Alimentación: eléctrica (baterías)
• Operarios en cesta: 2-3
• Extensión de plataforma: 1,2 m
• Pendiente máx.: 25%
• Modelos similares: JLG 3246ES, Genie GS-3246",Alquiler de Plataforma Tijera Eléctrica 12m para nave industrial,Tijera Eléctrica 12M,Elevador tijera eléctrico 12m de alquiler en Equipzilla — montaje de racks en nave logística
39,PLAT.TIJERA ELECTRICA 14 M,PLAUTE014,90.39,elevadores-tijera,Tijera Eléctrica 14m en Alquiler | Equipzilla,"Tijera eléctrica 14m desde 90,39€/día. Gran altura en interior sin humos, entrega en 24-48h en toda España. Reserva online con presupuesto claro.","tijera eléctrica 14m, alquiler plataforma tijera 14 metros, elevador tijera 14m, plataforma elevadora eléctrica 14m, alquilar tijera 14m, precio plataforma tijera gran altura, tijera eléctrica batería, JLG 4045R, Genie GS-4047, Haulotte Compact 14, plataforma elevadora naves altas, tijera autopropulsada","Tijera eléctrica de 14m para grandes alturas en interior: naves logísticas XXL, centros de distribución y pabellones. Dos operarios con herramienta pesada.","La plataforma tijera eléctrica de 14 metros está diseñada para naves de gran volumen, centros logísticos automatizados y pabellones deportivos donde las alturas superan los 10 m útiles. Es habitual en instalaciones de rociadores contra incendios, tendido de bandejas, trabajos en cubierta desde interior y montaje de señalética en grandes superficies. Frente a un brazo articulado de alcance similar, la tijera aporta superficie de plataforma mayor y mejor capacidad de carga para material y herramienta. Alimentación eléctrica por baterías de tracción para jornada completa, capacidad 350 kg y extensión deslizante para salvar obstáculos. Modelos de referencia en el mercado: JLG 4045R, Genie GS-4047, Haulotte Compact 14. En Equipzilla comparas entre alquiladores locales con stock verificado y coordinas entrega con ventana horaria cerrada.","• Altura de trabajo: 14 m
• Altura de plataforma: 12 m
• Capacidad de carga: 350 kg
• Dimensiones: 2,50 x 1,20 x 2,55 m
• Peso operativo: 3.600 kg
• Alimentación: eléctrica (baterías tracción)
• Operarios en cesta: 2-3
• Extensión de plataforma: 1,5 m
• Pendiente máx.: 25%
• Modelos similares: JLG 4045R, Genie GS-4047",Alquiler de Plataforma Tijera Eléctrica 14m para gran altura interior,Tijera Eléctrica 14M,Plataforma tijera eléctrica 14m de alquiler en Equipzilla — trabajos en cubierta interior de nave logística
40,PLATAFORMA TIJERA DIESEL 12 M,PLAUTD012,68.31,elevadores-tijera,Tijera Diésel 12m en Alquiler · Equipzilla,"Alquila tijera diésel 12m desde 68,31€/día. Tracción 4x4 para obra exterior, entrega en toda España. Presupuesto cerrado sin fianzas ocultas.","tijera diésel 12m, alquiler plataforma tijera diésel, tijera 4x4 12 metros, plataforma elevadora diésel exterior, alquilar tijera obra 12m, precio tijera diésel, plataforma tijera todoterreno, JLG 3394RT, Genie GS-3390RT, Haulotte Compact 12DX, alquiler plataforma obra, tijera diésel autopropulsada",Plataforma tijera diésel 12m con tracción 4x4 para obra civil y edificación. Aborda terrenos irregulares y pendientes donde la eléctrica no llega.,"La plataforma tijera diésel de 12 metros es la opción estándar en obra exterior: edificación residencial, naves en construcción, urbanización y fachadas ventiladas. Su tracción 4x4 y neumáticos todoterreno le permiten trabajar sobre tierra, zahorra y pendientes, algo imposible para una tijera eléctrica. Frente a un brazo articulado diésel, ofrece más superficie de trabajo y mayor capacidad para subir paneles, ventanas y material de cerramiento. Motor diésel Kubota o similar, estabilizadores automáticos en algunos modelos, capacidad 500 kg y extensión de plataforma para llegar más cerca de fachadas. Referencias habituales: JLG 3394RT, Genie GS-3390RT, Haulotte Compact 12DX. En Equipzilla contactas con alquiladores locales que conocen tu zona de obra y cierras tarifa por días, semana o mes completo.","• Altura de trabajo: 12 m
• Altura de plataforma: 10 m
• Capacidad de carga: 500 kg
• Dimensiones: 3,80 x 1,75 x 2,55 m
• Peso operativo: 6.200 kg
• Motor: diésel Kubota (Stage V)
• Tracción: 4x4 con neumáticos todoterreno
• Pendiente máx.: 40%
• Extensión de plataforma: 1,5 m
• Modelos similares: JLG 3394RT, Genie GS-3390RT",Alquiler de Plataforma Tijera Diésel 12m 4x4 para obra exterior,Tijera Diesel 12M,Plataforma tijera diésel 12m 4x4 de alquiler en Equipzilla — trabajos de fachada en obra residencial
41,PLATAFORMA TIJERA DIESEL 15 M,PLAUTD015,91.08,elevadores-tijera,Tijera Diésel 15m en Alquiler | Equipzilla,"Tijera diésel 15m 4x4 desde 91,08€/día. Acceso a fachadas y estructuras en obra con terreno irregular. Entrega nacional y presupuesto en 15 min.","tijera diésel 15m, alquiler plataforma tijera 15 metros, tijera 4x4 15m, plataforma elevadora diésel obra, alquilar tijera 15m precio, plataforma tijera exterior, tijera todoterreno 15m, JLG 4394RT, Genie GS-4390RT, Haulotte H15SXL, plataforma elevadora construcción, alquiler tijera fachada","Tijera diésel 4x4 de 15m para obra media-alta: fachadas, naves industriales en construcción y trabajos en edificación con suelo irregular.","Con 15 metros de altura de trabajo y tracción diésel 4x4, esta plataforma tijera cubre obras de edificación de hasta 4 plantas, naves industriales en fase de cerramiento y trabajos de estructura metálica. Los operarios acceden con material pesado directamente al punto de instalación, eliminando los ciclos de subida-bajada propios del andamio tubular. La plataforma extensible de 1,5 m acerca la cesta a fachadas ventiladas y paneles sándwich sin necesidad de reposicionar la máquina. Motor diésel Stage V, capacidad 680 kg y estabilizadores automáticos para trabajar en rampas. Modelos de referencia: JLG 4394RT, Genie GS-4390RT, Haulotte H15SXL. Equipzilla te conecta con alquiladores que disponen de la máquina cerca de tu obra, reduciendo el coste de transporte y garantizando entrega en fecha con documentación CE al día.","• Altura de trabajo: 15 m
• Altura de plataforma: 13 m
• Capacidad de carga: 680 kg
• Dimensiones: 4,30 x 1,90 x 2,60 m
• Peso operativo: 7.800 kg
• Motor: diésel Stage V
• Tracción: 4x4 todoterreno
• Estabilizadores automáticos
• Pendiente máx.: 40%
• Modelos similares: JLG 4394RT, Genie GS-4390RT",Alquiler de Plataforma Tijera Diésel 15m 4x4 para construcción,Tijera Diesel 15M,Plataforma tijera diésel 15m todoterreno de alquiler en Equipzilla — cerramiento de nave industrial en obra
42,PLATAFORMA TIJERA DIESEL 18M,PLAUTD018,106.26,elevadores-tijera,Tijera Diésel 18m en Alquiler · Equipzilla,"Alquila tijera diésel 18m desde 106,26€/día. Tracción 4x4 y gran plataforma para obra pesada. Entrega en 48h en toda España, reserva online.","tijera diésel 18m, alquiler plataforma tijera 18 metros, tijera 4x4 18m, plataforma elevadora diésel gran altura, alquilar tijera 18m precio, plataforma tijera obra 18m, tijera todoterreno, JLG 530LRT, Genie GS-5390RT, Haulotte H18SXL, plataforma elevadora construcción, alquiler tijera industrial","Plataforma tijera diésel de 18m con gran superficie y capacidad de 680 kg. Pensada para obra pesada, estructura metálica e industria.","La tijera diésel de 18 metros es el estándar cuando se requiere superficie de trabajo amplia a gran altura en exterior: montaje de estructuras metálicas, cubiertas de nave, fachadas de edificios de 5-6 plantas y mantenimiento industrial pesado. Su plataforma de más de 4 m de longitud con doble extensión permite que varios operarios trabajen con herramienta y material simultáneamente. Frente al camión grúa, evita ocupación de calle y permite reposicionar la máquina rápidamente. Motor diésel Stage V, tracción 4x4, neumáticos todoterreno macizos opcionales y estabilizadores hidráulicos para nivelación automática. Modelos habituales en España: JLG 530LRT, Genie GS-5390RT, Haulotte H18SXL. En Equipzilla consultas disponibilidad real de flotas locales, comparas precio y gestionas el alquiler en una única plataforma con factura digital.","• Altura de trabajo: 18 m
• Altura de plataforma: 16 m
• Capacidad de carga: 680 kg
• Dimensiones: 4,80 x 2,30 x 2,85 m
• Peso operativo: 10.500 kg
• Motor: diésel Stage V
• Tracción: 4x4 todoterreno
• Extensión de plataforma: 1,8 m
• Pendiente máx.: 40%
• Modelos similares: JLG 530LRT, Genie GS-5390RT",Alquiler de Plataforma Tijera Diésel 18m 4x4 para obra pesada,Tijera Diesel 18M,Plataforma tijera diésel 18m 4x4 de alquiler en Equipzilla — montaje de estructura metálica en obra exterior
43,PLAT.ARTICULADA ELECTRICA 12M,PLAUAE012,84.87,brazo-articulado,Brazo Articulado Eléctrico 12m en Alquiler · Equipzilla,"Brazo articulado eléctrico 12m desde 84,87€/día. Alcance sobre obstáculos sin emisiones, ideal interior. Entrega nacional y presupuesto en 15 min.","brazo articulado eléctrico 12m, plataforma articulada eléctrica 12m, alquiler brazo articulado, plataforma elevadora articulada interior, alquilar brazo articulado 12m, precio plataforma articulada eléctrica, elevador brazo batería, JLG E400AJPN, Genie Z-40, Haulotte HA12IP, plataforma negativa, plataforma articulada autonivelante",Brazo articulado eléctrico de 12m con alcance horizontal sobre obstáculos. Diseñado para mantenimiento interior con cero emisiones y giro continuo.,"El brazo articulado eléctrico de 12 metros aporta alcance horizontal y capacidad de rodear obstáculos (tuberías, maquinaria, estanterías) que ninguna tijera puede superar. Se usa en mantenimiento industrial dentro de fábricas en operación, revisiones en centros logísticos con racks instalados, teatros y pabellones. Frente a la tijera, gana flexibilidad con su pluma articulada y posibilidad de trabajar por encima y detrás de estructuras. Motor eléctrico con baterías de tracción, giro continuo 360°, alcance horizontal cercano a 6 m y capacidad 230 kg en cesta para dos operarios. Cero emisiones y ruidos mínimos para entornos ocupados. Modelos habituales: JLG E400AJPN, Genie Z-40/23N, Haulotte HA12IP. En Equipzilla localizas el alquilador con stock más cercano a tu obra, cierras precio y coordinas entrega sin papeleo físico.","• Altura de trabajo: 12,5 m
• Altura de plataforma: 10,5 m
• Alcance horizontal: 6,1 m
• Capacidad de cesta: 230 kg
• Dimensiones: 5,50 x 1,20 x 2,00 m
• Peso operativo: 6.800 kg
• Alimentación: eléctrica (baterías)
• Giro de torreta: 360° continuo
• Ruedas no marcantes para interior
• Modelos similares: JLG E400AJPN, Genie Z-40/23N",Alquiler de Plataforma Articulada Eléctrica 12m para interior,Plataforma Articulada Eléctrica 12M,Brazo articulado eléctrico 12m de alquiler en Equipzilla — mantenimiento sobre racks en centro logístico
44,PLAT.ARTICULADA ELECTRICA 16M,PLAUAE016,108.33,brazo-articulado,Brazo Articulado Eléctrico 16m en Alquiler | Equipzilla,"Alquila brazo articulado eléctrico 16m desde 108,33€/día. Alcance y cero emisiones para industria y logística. Entrega 24-48h en toda España.","brazo articulado eléctrico 16m, plataforma articulada eléctrica 16m, alquiler plataforma articulada, brazo articulado batería, alquilar plataforma articulada 16m, precio brazo articulado eléctrico, elevador articulado interior, JLG E450AJ, Genie Z-45 FE, Haulotte HA16RTJ Pro, plataforma articulada híbrida, alquiler elevador articulado",Plataforma articulada eléctrica de 16m para industria pesada y logística: alcance horizontal extendido y funcionamiento limpio en interior continuo.,"El brazo articulado eléctrico de 16 metros es referencia en mantenimiento industrial de plantas químicas, automoción y centros logísticos donde no se admiten emisiones pero se requiere alcance lateral importante. Combina pluma articulada con jib final para posicionar la cesta por encima y alrededor de maquinaria, cintas o racks. Aporta sobre la tijera flexibilidad total de posicionamiento, y frente al diésel equivalente permite trabajar en interior sin ventilación forzada. Alcance horizontal en torno a 7,5 m, capacidad 230 kg y giro continuo de torreta 360°. Baterías de tracción para jornada completa y control proporcional de movimientos. Modelos de referencia en el mercado: JLG E450AJ, Genie Z-45 FE, Haulotte HA16RTJ Pro. En Equipzilla comparas tarifas reales y contratas con alquiladores cercanos para reducir coste de transporte.","• Altura de trabajo: 16 m
• Altura de plataforma: 14 m
• Alcance horizontal: 7,5 m
• Capacidad de cesta: 230 kg
• Dimensiones: 6,90 x 1,50 x 2,00 m
• Peso operativo: 7.800 kg
• Alimentación: eléctrica (baterías)
• Giro torreta: 360° continuo
• Jib final articulado
• Modelos similares: JLG E450AJ, Genie Z-45 FE",Alquiler de Plataforma Articulada Eléctrica 16m con jib,Plataforma Articulada Eléctrica 16M,Brazo articulado eléctrico 16m de alquiler en Equipzilla — mantenimiento industrial en planta de automoción
45,PLAT.ARTICULADA ELECTRICA 20M,PLAUAE020,205.62,brazo-articulado,Brazo Articulado Eléctrico 20m en Alquiler · Equipzilla,"Brazo articulado eléctrico 20m desde 205,62€/día. Gran alcance sin emisiones para industria pesada. Entrega nacional con presupuesto cerrado online.","brazo articulado eléctrico 20m, plataforma articulada eléctrica 20m, alquiler brazo articulado 20 metros, plataforma articulada batería gran altura, alquilar plataforma articulada 20m, precio brazo articulado 20m, elevador articulado industria, JLG E600JP, Genie Z-60 FE, Haulotte HA20LE Pro, plataforma articulada híbrida, alquiler plataforma gran altura",Plataforma articulada eléctrica de 20m con alcance horizontal amplio. Solución idónea para mantenimiento en fábricas y naves sin admisión de emisiones.,"Cuando la altura de trabajo supera los 18 metros y el entorno no admite humos, el brazo articulado eléctrico de 20 m es la herramienta estándar. Se utiliza en mantenimiento de puentes grúa, instalaciones eléctricas en grandes naves, revisiones en cubiertas interiores de pabellones y trabajos en centros de proceso químico. Su pluma articulada con telescópico intermedio y jib final permite acceder a puntos difíciles por encima y alrededor de estructuras. Alcance horizontal cercano a 10 m, capacidad 230 kg y tracción eléctrica con baterías de alto rendimiento. Frente a un telescópico de altura similar, el articulado gana versatilidad para posicionar la cesta; frente al diésel, elimina restricciones de uso interior. Modelos habituales: JLG E600JP, Genie Z-60 FE, Haulotte HA20LE Pro. Equipzilla centraliza el alquiler con presupuesto único y entrega coordinada.","• Altura de trabajo: 20,5 m
• Altura de plataforma: 18,5 m
• Alcance horizontal: 10,0 m
• Capacidad de cesta: 230 kg
• Dimensiones: 8,80 x 2,30 x 2,30 m
• Peso operativo: 11.800 kg
• Alimentación: eléctrica (baterías)
• Giro torreta: 360° continuo
• Jib articulado final
• Modelos similares: JLG E600JP, Genie Z-60 FE",Alquiler de Plataforma Articulada Eléctrica 20m con telescópico,Plataforma Articulada Eléctrica 20M,Brazo articulado eléctrico 20m de alquiler en Equipzilla — mantenimiento de puente grúa en nave industrial
46,PLAT.ARTICULADA DIESEL 16M,PLAUAD016,89.7,brazo-articulado,Brazo Articulado Diésel 16m en Alquiler | Equipzilla,"Brazo articulado diésel 16m 4x4 desde 89,70€/día. Acceso sobre obstáculos en obra exterior, entrega 48h España. Presupuesto claro sin sorpresas.","brazo articulado diésel 16m, plataforma articulada diésel 16m, alquiler brazo articulado exterior, plataforma articulada 4x4, alquilar plataforma articulada diésel, precio brazo articulado 16m, elevador articulado obra, JLG 450AJ, Genie Z-45/25J, Haulotte HA16RTJ Pro, plataforma articulada todoterreno, alquiler plataforma articulada construcción",Articulada diésel 4x4 de 16m para obra exterior con terreno irregular. Sobrepasa obstáculos y posiciona la cesta donde la tijera no llega.,"El brazo articulado diésel de 16 metros es la plataforma elegida cuando hay que trabajar por encima de vallas, contenedores, muretes o zanjas en obra exterior. Aplicaciones típicas: poda y arboricultura, mantenimiento de farolas y señalética vial, rehabilitación de fachadas irregulares, industria petroquímica y naves en construcción. Su tracción 4x4 y los neumáticos todoterreno superan barro, zahorra y pendientes que bloquean a un elevador eléctrico. Alcance horizontal próximo a 7,5 m, giro continuo de torreta, jib final y capacidad 230 kg. Motor diésel Stage V con consumo optimizado. Frente a una tijera diésel, sacrifica superficie de plataforma pero gana alcance lateral imprescindible en entornos con obstáculos. Modelos de referencia: JLG 450AJ, Genie Z-45/25J, Haulotte HA16RTJ Pro. En Equipzilla comparas disponibilidad real y cierras precio con alquiladores locales.","• Altura de trabajo: 16 m
• Altura de plataforma: 14 m
• Alcance horizontal: 7,5 m
• Capacidad de cesta: 230 kg
• Dimensiones: 6,90 x 2,30 x 2,50 m
• Peso operativo: 7.100 kg
• Motor: diésel Stage V
• Tracción: 4x4 todoterreno
• Giro torreta: 360° continuo
• Modelos similares: JLG 450AJ, Genie Z-45/25J",Alquiler de Plataforma Articulada Diésel 16m 4x4 todoterreno,Plataforma Articulada Diesel 16M,Brazo articulado diésel 16m todoterreno de alquiler en Equipzilla — poda y mantenimiento urbano sobre obstáculos
47,PLAT.ARTICULADA DIESEL 18M,PLAUAD018,115.92,brazo-articulado,Brazo Articulado Diésel 18m en Alquiler · Equipzilla,"Alquila plataforma articulada diésel 18m 4x4 desde 115,92€/día. Alcance y tracción para obra pesada. Entrega en toda España, reserva online.","brazo articulado diésel 18m, plataforma articulada diésel 18m, alquiler plataforma articulada 18 metros, brazo articulado 4x4 18m, alquilar plataforma articulada obra, precio brazo articulado 18m, elevador articulado industria, JLG 600AJ, Genie Z-60/37DC, Haulotte HA18PX NT, plataforma articulada construcción, alquiler plataforma articulada todoterreno","Articulada diésel 4x4 de 18m con jib y giro continuo. Para obra civil, industria y proyectos donde hay que esquivar obstáculos a gran altura.","La plataforma articulada diésel de 18 metros combina alcance vertical y horizontal para trabajos complejos en obra civil, planta industrial y rehabilitación de edificios. Se emplea habitualmente en montaje de instalaciones eléctricas exteriores, mantenimiento de alumbrado viario, trabajos en puentes y viaductos, y acceso a puntos técnicos en plantas químicas. Frente al brazo telescópico, el articulado gana versatilidad para posicionar la cesta rodeando obstáculos; frente a una tijera diésel de altura similar, añade unos 8 m de alcance lateral útiles. Motor diésel Stage V, tracción 4x4 con control de oscilación de eje, jib final articulado y capacidad 230 kg. Modelos de mercado: JLG 600AJ, Genie Z-60/37DC, Haulotte HA18PX NT. En Equipzilla centralizas cotización, documentación y entrega con alquiladores verificados en toda España.","• Altura de trabajo: 18 m
• Altura de plataforma: 16 m
• Alcance horizontal: 8,1 m
• Capacidad de cesta: 230 kg
• Dimensiones: 7,80 x 2,30 x 2,50 m
• Peso operativo: 8.400 kg
• Motor: diésel Stage V
• Tracción 4x4 con oscilación de eje
• Jib articulado final
• Modelos similares: JLG 600AJ, Genie Z-60/37DC",Alquiler de Plataforma Articulada Diésel 18m 4x4 con jib,Plataforma Articulada Diesel 18M,Brazo articulado diésel 18m 4x4 de alquiler en Equipzilla — instalación eléctrica exterior en obra civil
48,PLAT.ARTICULADA DIESEL 20M,PLAUAD020,133.17,brazo-articulado,Brazo Articulado Diésel 20m en Alquiler | Equipzilla,"Plataforma articulada diésel 20m 4x4 desde 133,17€/día. Alcance 10m horizontal para industria y obra. Entrega nacional y presupuesto cerrado 15 min.","brazo articulado diésel 20m, plataforma articulada diésel 20m, alquiler brazo articulado 20 metros, brazo articulado 4x4 20m, alquilar plataforma articulada 20m precio, plataforma articulada exterior, elevador articulado industria, JLG 600AJ, Genie Z-62/40, Haulotte HA20RTJ Pro, plataforma articulada gran altura, alquiler plataforma elevadora 20m","Brazo articulado diésel de 20m con tracción 4x4 y jib. Solución para industria pesada, petroquímica y obra con grandes alcances laterales.","Con 20 metros de altura y cerca de 10 m de alcance horizontal, esta plataforma articulada diésel cubre proyectos donde se combina gran altura y necesidad de rodear obstáculos: plantas petroquímicas, parques eólicos, obras ferroviarias, mantenimiento de subestaciones eléctricas y reformas de naves industriales en uso. La pluma articulada con sección telescópica intermedia y jib final permite posicionar la cesta con precisión sobre tuberías, cintas transportadoras o líneas. Tracción 4x4 todoterreno para operar en suelos de obra, oscilación de eje para mantener estabilidad en terreno irregular y capacidad 230 kg. Motor diésel Stage V con modo eco. Referencias habituales: JLG 600AJ, Genie Z-62/40, Haulotte HA20RTJ Pro. Equipzilla agrupa flotas en toda España para reducir coste de transporte y tiempos de entrega.","• Altura de trabajo: 20,3 m
• Altura de plataforma: 18,3 m
• Alcance horizontal: 10,0 m
• Capacidad de cesta: 230 kg
• Dimensiones: 8,00 x 2,30 x 2,50 m
• Peso operativo: 11.200 kg
• Motor: diésel Stage V
• Tracción: 4x4 con oscilación de eje
• Jib articulado final
• Modelos similares: JLG 600AJ, Genie Z-62/40",Alquiler de Plataforma Articulada Diésel 20m 4x4 con jib telescópico,Plataforma Articulada Diesel 20M,Brazo articulado diésel 20m todoterreno de alquiler en Equipzilla — mantenimiento en planta petroquímica
49,PLAT.ARTICULADA DIESEL 26M,PLAUAD026,212.52,brazo-articulado,Brazo Articulado Diésel 26m en Alquiler · Equipzilla,"Alquila plataforma articulada diésel 26m desde 212,52€/día. Gran altura y alcance horizontal extremo para obra pesada. Entrega en 48-72h España.","brazo articulado diésel 26m, plataforma articulada diésel 26m, alquiler brazo articulado 26 metros, plataforma articulada gran altura, alquilar plataforma articulada 26m, precio brazo articulado 26m, elevador articulado industria pesada, JLG 800AJ, Genie Z-80/60, Haulotte HA26RTJ Pro, plataforma elevadora 26 metros, alquiler plataforma articulada obra","Articulada diésel de 26m para trabajos extremos: fachadas altas, puentes, viaductos e industria pesada. Alcance horizontal superior a 15m con jib.","La plataforma articulada diésel de 26 metros pertenece al segmento de máquinas de gran altura para proyectos singulares: rehabilitación de edificios altos, inspección y mantenimiento de puentes, trabajos en viaductos, antenas, parques eólicos y refinerías. Con más de 15 m de alcance horizontal y jib articulado, posiciona la cesta en puntos inaccesibles para una grúa convencional, con control fino del operario desde plataforma. Tracción 4x4 todoterreno, oscilación de eje, estabilidad activa y motor diésel Stage V. Frente a una plataforma telescópica de altura similar, el articulado renuncia a algo de alcance vertical a cambio de flexibilidad total de posicionamiento. Modelos de referencia: JLG 800AJ, Genie Z-80/60, Haulotte HA26RTJ Pro. En Equipzilla se gestiona también el transporte especial, imprescindible en máquinas de este tonelaje, con presupuesto único.","• Altura de trabajo: 26 m
• Altura de plataforma: 24 m
• Alcance horizontal: 15,3 m
• Capacidad de cesta: 230 kg
• Dimensiones: 11,10 x 2,50 x 3,00 m
• Peso operativo: 18.500 kg
• Motor: diésel Stage V
• Tracción 4x4 con oscilación de eje
• Jib articulado final
• Modelos similares: JLG 800AJ, Genie Z-80/60",Alquiler de Plataforma Articulada Diésel 26m 4x4 para gran altura,Plataforma Articulada Diesel 26M,Brazo articulado diésel 26m de alquiler en Equipzilla — inspección de puente con alcance horizontal extremo
50,PLAT.TELESCOPICA DIESEL 28M,PLAUTL028,225.63,elevadores-telescopicos,Plataforma Telescópica Diésel 28m en Alquiler | Equipzilla,"Alquila plataforma telescópica 28m 4x4 desde 225,63€/día. Máximo alcance vertical para obra singular. Entrega y transporte especial coordinados.","plataforma telescópica 28m, brazo telescópico diésel 28m, alquiler plataforma telescópica, plataforma elevadora telescópica gran altura, alquilar plataforma telescópica 28m, precio brazo telescópico 28m, elevador telescópico industria, JLG 860SJ, Genie S-85, Haulotte HT28RTJ Pro, plataforma elevadora 28 metros, alquiler plataforma telescópica obra","Plataforma telescópica diésel 4x4 de 28m con jib. Máximo alcance vertical y lateral directo para fachadas altas, estructuras industriales y naves singulares.","La plataforma telescópica diésel de 28 metros ofrece el mayor alcance vertical directo del segmento estándar, con pluma recta extensible que despliega la cesta en línea sin necesidad de maniobras articuladas. Es la elección habitual para montaje de cubiertas en naves logísticas de gran volumen, fachadas de edificios altos, estructuras industriales, parques fotovoltaicos en altura y trabajos en silos o depósitos. Frente al brazo articulado de alcance similar, el telescópico gana rapidez de despliegue y precisión en el punto final; pierde capacidad de rodear obstáculos. Jib final articulado, tracción 4x4 con oscilación de eje, capacidad 230 kg y control proporcional desde cesta. Motor diésel Stage V. Modelos de referencia: JLG 860SJ, Genie S-85, Haulotte HT28RTJ Pro. Equipzilla coordina alquiler y transporte especial con alquiladores locales que garantizan entrega con toda la documentación CE e ITC.","• Altura de trabajo: 28 m
• Altura de plataforma: 26 m
• Alcance horizontal: 21,3 m
• Capacidad de cesta: 230 kg
• Dimensiones: 11,90 x 2,50 x 3,00 m
• Peso operativo: 19.800 kg
• Motor: diésel Stage V
• Tracción 4x4 con oscilación de eje
• Jib articulado final
• Modelos similares: JLG 860SJ, Genie S-85",Alquiler de Plataforma Telescópica Diésel 28m 4x4 con jib,Plataforma Telescópica 28M,Plataforma telescópica diésel 28m 4x4 de alquiler en Equipzilla — montaje de cubierta en nave logística de gran volumen
51,PLAT.TELESCOPICA DIESEL 38M,PLAUTL038,377.43,elevadores-telescopicos,Plataforma Telescópica Diésel 38m en Alquiler · Equipzilla,"Alquila plataforma telescópica diésel 38m desde 377€/día. Alcance horizontal 18m, entrega en toda España y sin fianza. Presupuesto online en 15 minutos.","plataforma telescópica 38m, alquiler plataforma telescópica, plataforma elevadora diésel, alquiler brazo articulado, precio plataforma telescópica, alquiler plataforma 38 metros, plataforma JLG 1250AJP, Genie S-125, Haulotte HT28RTJ, qué es una plataforma telescópica, plataforma elevadora todoterreno, alquiler maquinaria elevación","Plataforma telescópica diésel de 38 metros para trabajos en altura en fachadas, estructuras industriales y mantenimiento de naves donde una tijera se queda corta.","La plataforma telescópica diésel de 38m es la solución para trabajos en altura que requieren gran alcance vertical y horizontal: rehabilitación de fachadas, mantenimiento industrial, montaje de estructuras, señalización viaria y trabajos en cubiertas de gran superficie. Su brazo telescópico permite salvar obstáculos que una plataforma tijera no supera. Frente al andamio tradicional, reduce drásticamente los tiempos de montaje y permite reposicionar la cesta en segundos; frente a la grúa, aporta plataforma de trabajo estable con capacidad para 2 operarios y hasta 230 kg de carga. Motor diésel 4x4 para superficies irregulares de obra, alcance horizontal en torno a 18m y rotación de torreta 360°. En Equipzilla comparas disponibilidad y tarifas de alquiladores verificados en toda España, con modelos tipo JLG 1250AJP, Genie S-125 o Haulotte HT28RTJ, entrega a obra y presupuesto online en minutos.","• Altura máxima de trabajo: 38 m
• Alcance horizontal: 18 m aprox.
• Capacidad de cesta: 230 kg (2 operarios)
• Motor: diésel 4x4 todoterreno
• Dimensiones: 12,5 x 2,5 x 3 m
• Peso operativo: 19.500 kg
• Rotación torreta: 360° continua
• Pendiente máxima: 45%
• Neumáticos todoterreno macizos
• Modelos similares: JLG 1250AJP, Genie S-125, Haulotte HT28RTJ",Alquiler de Plataforma Elevadora Telescópica Diésel 38m Todoterreno 4x4,Plataforma Telescópica 38M,Plataforma telescópica diésel 38m de alquiler en Equipzilla — trabajos en altura sobre fachadas y naves industriales
52,PLAT.S/CAMION S/CONDUCTOR 18M,PLCSTL018,204.93,camiones-plataforma-cesta,Plataforma sobre Camión 18m sin Conductor · Equipzilla,"Alquila plataforma sobre camión 18m sin conductor desde 204€/día. Ideal para podas, señalización y mantenimiento urbano. Entrega nacional y reserva online.","plataforma sobre camión 18m, alquiler cesta elevadora camión, camión cesta sin conductor, alquiler plataforma camión 18 metros, precio plataforma sobre camión, cesta sobre furgón, Socage DA320, Multitel MX180, CTE ZED 20, qué es una plataforma sobre camión, alquiler camión cesta podas, plataforma elevadora matriculada","Cesta elevadora montada sobre chasis de camión de hasta 3.500 kg, operable sin carnet C. Movilidad entre puntos de trabajo sin necesidad de transporte.","La plataforma sobre camión de 18m sin conductor se conduce con carnet B al ir montada sobre chasis ligero de hasta 3.500 kg, lo que permite a tu equipo desplazarse autónomamente entre puntos de intervención. Es la herramienta estándar para podas urbanas, mantenimiento de alumbrado público, señalización viaria, limpieza de cornisas y pequeñas reparaciones en fachadas. Su principal ventaja frente a una plataforma autopropulsada es la movilidad por carretera sin góndola ni transporte adicional, y frente al andamio ofrece acceso puntual y rápido en zonas urbanas con tráfico. Cesta para 200 kg y 2 operarios, estabilizadores hidráulicos tipo H y rotación continua. En Equipzilla encuentras unidades Socage, Multitel o CTE en la red de alquiladores verificados, con entrega en toda España y presupuesto comparado en menos de 15 minutos.","• Altura máxima de trabajo: 18 m
• Alcance horizontal: 9 m
• Capacidad cesta: 200 kg (2 operarios)
• Chasis: camión 3.500 kg, carnet B
• Dimensiones: 7 x 2,1 x 3 m
• Peso total: 3.500 kg MMA
• Estabilizadores hidráulicos en H
• Rotación torreta: 360°
• Alimentación: motor vehículo + toma 220V
• Modelos similares: Socage DA320, Multitel MX180, CTE ZED 20",Alquiler de Plataforma sobre Camión 18m sin Conductor Carnet B,Plataforma sobre Camión 18M,Plataforma sobre camión 18m sin conductor de alquiler en Equipzilla — poda urbana y mantenimiento de alumbrado
53,PLAT.S/CAMION S/CONDUCTOR 20M,PLCSTL020,227.7,camiones-plataforma-cesta,Plataforma sobre Camión 20m sin Conductor · Equipzilla,"Plataforma sobre camión 20m sin conductor desde 227€/día. Carnet B, alcance lateral 10m, entrega en España sin fianza. Reserva online con Equipzilla.","plataforma sobre camión 20m, alquiler camión cesta 20 metros, cesta elevadora 20m sin conductor, alquiler plataforma matriculada, precio cesta sobre camión, camión pluma cesta, Socage DA324, Multitel MX200, CTE B-Lift 20, alquiler cesta podas ayuntamiento, plataforma carnet B, cesta elevadora mantenimiento","Cesta sobre camión de 20m con matriculación carnet B. Un metro extra de alcance para tareas recurrentes de poda, señalización y mantenimiento municipal.","Con 20 metros de altura de trabajo, esta plataforma sobre camión sin conductor cubre el rango más demandado por servicios municipales, empresas de jardinería, rotulistas y contratas de mantenimiento. El chasis de 3.500 kg permite su conducción con carnet B y el despliegue de estabilizadores en H se realiza en menos de 2 minutos desde el puesto de control en cesta. Frente al modelo de 18m, los 2 metros adicionales resultan críticos para llegar a tendidos eléctricos altos, cornisas de 6ª planta o ramas en arbolado maduro. Alcance lateral cercano a 10m y rotación continua 360°, cesta con capacidad para 2 operarios y 230 kg. En Equipzilla comparas tarifas diarias, semanales y mensuales de unidades tipo Multitel MX200, Socage DA324 o CTE B-Lift 20 entre alquiladores de toda España, con entrega a pie de obra y presupuesto online inmediato.","• Altura máxima de trabajo: 20 m
• Alcance horizontal: 10 m
• Capacidad cesta: 230 kg (2 operarios)
• Chasis: camión 3.500 kg MMA
• Conducción: carnet B
• Dimensiones: 7,2 x 2,1 x 3,1 m
• Estabilizadores hidráulicos en H
• Rotación torreta: 360° continua
• Toma auxiliar 220V en cesta
• Modelos similares: Multitel MX200, Socage DA324, CTE B-Lift 20",Alquiler de Plataforma sobre Camión 20m sin Conductor con Carnet B,Plataforma sobre Camión 20M,Plataforma sobre camión 20m sin conductor de alquiler en Equipzilla — mantenimiento de alumbrado y tendidos
54,PLAT.UNIPERSONAL ELECTRICA 10M,PLAUUE010,89.01,elevadores-unipersonales,Plataforma Unipersonal Eléctrica 10m · Equipzilla,"Alquila plataforma unipersonal eléctrica 10m desde 89€/día. Paso por puertas estándar, cero emisiones e ideal para mantenimiento interior. Presupuesto en 15 min.","plataforma unipersonal 10m, alquiler plataforma vertical eléctrica, mástil vertical 10 metros, alquiler plataforma individual, precio plataforma unipersonal, plataforma 1 operario, JLG Toucan 10E, Genie GR-20, Haulotte Star 10, qué es plataforma unipersonal, alquiler plataforma interior, mástil telescópico eléctrico","Mástil vertical eléctrico de 10m para un operario, diseñado para mantenimiento interior en almacenes, centros comerciales y oficinas con paso por puertas estándar.","La plataforma unipersonal eléctrica de 10m es la elección estándar para trabajos de mantenimiento en interior: sustitución de luminarias, climatización en falsos techos, limpieza industrial, montaje de rótulos y rack picking en almacenes. Su anchura inferior a 80 cm permite pasar por puertas estándar y trabajar entre pasillos estrechos sin desmontar estanterías. Frente a una tijera eléctrica, ocupa menos de la mitad del espacio en planta y es más maniobrable; frente a una escalera, ofrece seguridad certificada y una cesta estable a cualquier altura intermedia. Tracción eléctrica con baterías AGM para jornada completa sin emisiones, ideal para interiores alimentarios y farmacéuticos. En Equipzilla gestionas en minutos el alquiler de unidades tipo JLG Toucan 10E, Genie GR-20 o Haulotte Star 10 con entrega en España y comparativa de precios entre alquiladores verificados.","• Altura máxima de trabajo: 10 m
• Capacidad cesta: 200 kg (1 operario)
• Alimentación: baterías 24V AGM
• Dimensiones: 1,4 x 0,79 x 1,99 m
• Paso por puertas estándar
• Peso operativo: 2.000 kg
• Ruedas macizas antihuella
• Pendiente máxima: 25%
• Autonomía: jornada completa
• Modelos similares: JLG Toucan 10E, Genie GR-20, Haulotte Star 10",Alquiler de Plataforma Unipersonal Eléctrica 10m Vertical Interior,Plataforma Unipersonal 10M,Plataforma unipersonal eléctrica 10m de alquiler en Equipzilla — mantenimiento interior en almacenes y centros comerciales
55,PLAT.UNIPERSONAL ELECTRICA 12M,PLAUUE012,101.43,elevadores-unipersonales,Plataforma Unipersonal Eléctrica 12m · Equipzilla,Plataforma unipersonal eléctrica 12m desde 101€/día. Acceso a luminarias altas y racks de almacén sin emisiones. Alquila online en Equipzilla con entrega en España.,"plataforma unipersonal 12m, alquiler mástil vertical 12 metros, plataforma eléctrica 1 operario, alquiler plataforma individual 12m, precio mástil telescópico, plataforma vertical almacén, JLG Toucan 12E, Genie GR-26, Haulotte Star 12, plataforma interior batería, alquiler plataforma picking, mástil articulado eléctrico",Versión de 12m del mástil eléctrico unipersonal: más alcance para naves altas y estanterías industriales manteniendo el paso por puertas y la operación sin emisiones.,"Con 12 metros de altura de trabajo, esta plataforma unipersonal eléctrica cubre naves logísticas de techos altos y estanterías industriales donde la versión de 10m queda justa. Se utiliza en inventarios de altura, instalación y mantenimiento de iluminación LED, climatización de cubierta, cableado estructurado y colocación de cartelería en centros comerciales. El chasis estrecho mantiene el paso por puertas estándar y permite trabajar dentro de pasillos entre racks sin interferir con la operativa. Respecto a una tijera eléctrica de similar altura, su huella en planta es mucho menor y su maniobrabilidad superior en entornos saturados. Baterías AGM para turno completo, cesta para 1 operario y hasta 200 kg, tracción eléctrica cero emisiones apta para interiores alimentarios. En Equipzilla comparas tarifas de unidades tipo JLG Toucan 12E, Genie GR-26 o Haulotte Star 12 entre alquiladores de toda la red nacional.","• Altura máxima de trabajo: 12 m
• Capacidad cesta: 200 kg (1 operario)
• Alimentación: baterías 24V AGM
• Dimensiones: 1,5 x 0,99 x 1,99 m
• Peso operativo: 2.500 kg
• Paso por puertas industriales
• Ruedas macizas antihuella
• Pendiente máxima: 25%
• Autonomía: jornada completa
• Modelos similares: JLG Toucan 12E, Genie GR-26, Haulotte Star 12",Alquiler de Plataforma Unipersonal Eléctrica 12m para Naves Altas,Plataforma Unipersonal 12M,Plataforma unipersonal eléctrica 12m de alquiler en Equipzilla — inventarios y mantenimiento en naves logísticas
56,GRUPO ELECTROGENO 30 KVA,COEEGE030,33.12,grupos-electrogenos,Grupo Electrógeno 30 kVA en Alquiler · Equipzilla,"Alquila grupo electrógeno 30 kVA desde 33€/día. Insonorizado, arranque automático y entrega en obra en 24h. Presupuesto online en Equipzilla en 15 min.","grupo electrógeno 30 kva, alquiler generador 30 kva, generador diésel 30kva, alquiler grupo electrógeno obra, precio grupo electrógeno, generador insonorizado 30kva, Himoinsa HYW-35, Pramac GSW30, Atlas Copco QAS 30, qué es un grupo electrógeno, alquiler generador eventos, generador emergencia 30kva","Generador diésel de 30 kVA insonorizado para obra pequeña, eventos y suministro de respaldo en oficinas o comercios durante cortes programados.","El grupo electrógeno de 30 kVA es el escalón de entrada para suministro profesional: alimenta la maquinaria habitual de una obra de reforma (hormigoneras, sierras, iluminación), da respaldo a un comercio u oficina durante cortes y cubre eventos medianos al aire libre con escenario modesto y catering. Frente a conexiones provisionales de compañía, el alquiler de generador elimina plazos de tramitación y permite trabajar desde el primer día. Versión insonorizada con cabina atenuada por debajo de 70 dB a 7 m, depósito de autonomía de 8-10 horas, cuadro de control con arranque automático y protecciones diferenciales según REBT. En Equipzilla comparas tarifas diarias, semanales y mensuales de unidades Himoinsa, Pramac o Atlas Copco entre alquiladores verificados, con entrega a pie de obra en toda España y presupuesto online en minutos.","• Potencia: 30 kVA / 24 kW (prime)
• Tensión: 400/230V trifásico
• Motor: diésel refrigerado por agua
• Insonorización: <70 dB(A) a 7 m
• Depósito: 80 l, autonomía 8-10 h
• Dimensiones: 2 x 1 x 1,4 m
• Peso operativo: 850 kg
• Cuadro con arranque automático
• Protección IP23, toma CETAC
• Modelos similares: Himoinsa HYW-35, Pramac GSW30, Atlas Copco QAS 30",Alquiler de Grupo Electrógeno Diésel 30 kVA Insonorizado,Grupo Electrógeno 30KVA,Grupo electrógeno 30 kVA insonorizado de alquiler en Equipzilla — suministro eléctrico en obra y eventos
57,GRUPO ELECTROGENO 40 KVA,COEEGE040,36.57,grupos-electrogenos,Grupo Electrógeno 40 kVA en Alquiler · Equipzilla,"Grupo electrógeno 40 kVA desde 36€/día. Cabina insonorizada, cuadro ATS opcional y entrega en España sin fianza. Reserva online en Equipzilla.","grupo electrógeno 40 kva, alquiler generador 40 kva, generador diésel 40kva, alquiler grupo electrógeno insonorizado, precio generador 40kva, generador obra mediana, Himoinsa HYW-45, Pramac GSW45, Atlas Copco QAS 40, generador trifásico 40kva, alquiler grupo eventos, generador emergencia comercio",Generador diésel 40 kVA para obras medianas y eventos con escenario e iluminación escénica. Un paso por encima del 30 kVA sin saltar a gama intensiva.,"El grupo electrógeno de 40 kVA cubre el hueco entre la obra pequeña y la obra media: alimenta simultáneamente varios equipos de corte, compresores, torres de iluminación LED y climatización de casetas. Es también la talla habitual para eventos medianos con escenario, sonido y iluminación, y para respaldo de oficinas con rack de servidores y climatización. Frente al 30 kVA, aporta margen para arranques de motores inductivos sin caídas de tensión; frente al 60 kVA, consume menos gasoil y se transporta más fácil en remolque ligero. Cabina insonorizada por debajo de 70 dB, motor diésel estacionario, alternador sin escobillas y cuadro con amperímetros, voltímetros y protección diferencial. En Equipzilla comparas precios entre alquiladores verificados de toda España, con unidades tipo Himoinsa HYW-45, Pramac GSW45 o Atlas Copco QAS 40 y entrega a pie de obra.","• Potencia: 40 kVA / 32 kW (prime)
• Tensión: 400/230V trifásico
• Motor: diésel 4 cilindros refrigerado agua
• Insonorización: <70 dB(A) a 7 m
• Depósito: 100 l, autonomía 8-10 h
• Dimensiones: 2,3 x 1 x 1,5 m
• Peso operativo: 1.100 kg
• Alternador sin escobillas AVR
• Cuadro manual o ATS opcional
• Modelos similares: Himoinsa HYW-45, Pramac GSW45, Atlas Copco QAS 40",Alquiler de Grupo Electrógeno Diésel 40 kVA Insonorizado Trifásico,Grupo Electrógeno 40KVA,Grupo electrógeno 40 kVA insonorizado de alquiler en Equipzilla — obras medianas y eventos con escenario
58,GRUPO ELECTROGENO 60 KVA,COEEGE060,50.37,grupos-electrogenos,Grupo Electrógeno 60 kVA en Alquiler · Equipzilla,"Alquila grupo electrógeno 60 kVA desde 50€/día. Cabina insonorizada, ATS opcional y entrega nacional en 24h. Presupuesto online inmediato en Equipzilla.","grupo electrógeno 60 kva, alquiler generador 60 kva, generador diésel 60kva insonorizado, precio grupo electrógeno 60kva, generador obra industrial, alquiler generador respaldo, Himoinsa HRFW-65, Pramac GSW65, Atlas Copco QAS 60, generador trifásico 60kva, alquiler generador industrial, grupo electrógeno emergencia","Generador diésel 60 kVA sobre remolque o patín para obras de edificación, naves industriales y respaldo de instalaciones con cargas críticas.","Con 60 kVA de potencia prime, este grupo electrógeno es la opción estándar para obras de edificación con varias plantas en ejecución, talleres industriales sin conexión a red y eventos grandes con escenario completo y climatización. Como suministro de respaldo, es capaz de sostener una planta de oficinas con ascensores, climatización e iluminación completa en corte prolongado. Frente al 40 kVA, ofrece margen suficiente para arranques simultáneos de motores trifásicos pesados sin hundir la tensión; frente al 100 kVA, reduce coste diario y consumo en aplicaciones donde sobraría potencia. Cabina insonorizada, motor refrigerado por agua y alternador sin escobillas con AVR para tensión estable. En Equipzilla accedes a unidades Himoinsa HRFW-65, Pramac GSW65 o Atlas Copco QAS 60 en toda la red nacional de alquiladores, con comparativa de precios y entrega en obra.","• Potencia: 60 kVA / 48 kW (prime)
• Tensión: 400/230V trifásico
• Motor: diésel 4 cilindros estacionario
• Insonorización: <72 dB(A) a 7 m
• Depósito: 150 l, autonomía 10 h
• Dimensiones: 2,6 x 1,1 x 1,7 m
• Peso operativo: 1.600 kg
• Alternador sin escobillas AVR
• Cuadro ATS opcional para respaldo
• Modelos similares: Himoinsa HRFW-65, Pramac GSW65, Atlas Copco QAS 60",Alquiler de Grupo Electrógeno Diésel 60 kVA Insonorizado para Obra,Grupo Electrógeno 60KVA,Grupo electrógeno 60 kVA insonorizado de alquiler en Equipzilla — obras de edificación y respaldo industrial
59,GRUPO ELECTROGENO 100 KVA,COEEGE100,60.03,grupos-electrogenos,Grupo Electrógeno 100 kVA en Alquiler · Equipzilla,"Grupo electrógeno 100 kVA desde 60€/día. Respaldo industrial y obra pesada, cabina insonorizada y ATS disponible. Alquila online con entrega nacional.","grupo electrógeno 100 kva, alquiler generador 100 kva, generador diésel 100kva, precio grupo electrógeno 100kva, alquiler generador industrial, generador obra grande, Himoinsa HFW-105, Pramac GSW110, Atlas Copco QAS 100, grupo electrógeno respaldo hospital, generador trifásico 100kva, alquiler generador data center","Generador industrial de 100 kVA para obra civil, industria y respaldo crítico en centros logísticos, hospitales y data centers durante mantenimientos programados.","El grupo electrógeno de 100 kVA marca el salto a la gama industrial: sostiene una obra civil completa con grúa torre, varias torres de iluminación y maquinaria auxiliar funcionando en paralelo. En aplicación de respaldo cubre el consumo crítico de un centro logístico medio, una planta fría industrial o un data center durante mantenimiento de la acometida. Comparado con el 60 kVA, admite arranques de cargas inductivas pesadas sin caídas, y respecto al 150 kVA reduce significativamente el consumo horario cuando no se necesitan 120 kW prime. Motor diésel refrigerado por agua, alternador sin escobillas con regulación electrónica AVR, cabina insonorizada por debajo de 75 dB a 7 m y cuadro digital con telemetría opcional. En Equipzilla comparas tarifas de alquiladores verificados con unidades Himoinsa HFW-105, Pramac GSW110 o Atlas Copco QAS 100 y entrega a obra en toda España.","• Potencia: 100 kVA / 80 kW (prime)
• Tensión: 400/230V trifásico
• Motor: diésel 6 cilindros refrigerado agua
• Insonorización: <75 dB(A) a 7 m
• Depósito: 250 l, autonomía 10-12 h
• Dimensiones: 3,2 x 1,2 x 1,9 m
• Peso operativo: 2.200 kg
• Cuadro digital con telemetría opcional
• ATS para conmutación automática
• Modelos similares: Himoinsa HFW-105, Pramac GSW110, Atlas Copco QAS 100",Alquiler de Grupo Electrógeno Diésel 100 kVA Industrial Insonorizado,Grupo Electrógeno 100KVA,Grupo electrógeno 100 kVA industrial de alquiler en Equipzilla — respaldo crítico en logística y obra civil
60,GRUPO ELECTROGENO 150 KVA,COEEGE150,79.35,grupos-electrogenos,Grupo Electrógeno 150 kVA en Alquiler · Equipzilla,"Alquila grupo electrógeno 150 kVA desde 79€/día. Para industria, hospitales y grandes eventos. Entrega en España y cuadro ATS disponible. Presupuesto online.","grupo electrógeno 150 kva, alquiler generador 150 kva, generador diésel 150kva, precio grupo electrógeno industrial, alquiler generador eventos grandes, generador respaldo hospital, Himoinsa HFW-150, Pramac GSW150, Atlas Copco QAS 150, generador trifásico 150kva, alquiler generador obra civil, grupo electrógeno insonorizado 150kva","Generador industrial 150 kVA para planta productiva, eventos masivos y respaldo total de hospitales, hoteles y centros comerciales con cargas simultáneas críticas.","La talla de 150 kVA es la referencia en respaldo industrial de alta disponibilidad: cubre la demanda completa de un hotel de 4 estrellas, una planta de producción media o una ferretería logística, y es también el generador habitual para eventos masivos con escenario principal, climatización y estructuras secundarias alimentadas en paralelo. Frente al 100 kVA aporta margen para picos de arranque simultáneos sin pérdida de calidad de onda, y frente al 200 kVA mantiene consumo y coste de alquiler contenidos cuando no se justifica mayor potencia. Cabina insonorizada industrial, motor diésel refrigerado por agua de 6 cilindros, alternador sin escobillas con AVR electrónico y cuadro digital compatible con ATS para conmutación automática con la red. En Equipzilla encuentras Himoinsa HFW-150, Pramac GSW150 o Atlas Copco QAS 150 en toda la red de alquiladores, con entrega nacional y presupuesto comparado.","• Potencia: 150 kVA / 120 kW (prime)
• Tensión: 400/230V trifásico
• Motor: diésel 6 cilindros turbo
• Insonorización: <75 dB(A) a 7 m
• Depósito: 400 l, autonomía 10-12 h
• Dimensiones: 3,8 x 1,3 x 2,1 m
• Peso operativo: 2.800 kg
• Alternador sin escobillas AVR
• ATS y telemetría 4G opcionales
• Modelos similares: Himoinsa HFW-150, Pramac GSW150, Atlas Copco QAS 150",Alquiler de Grupo Electrógeno Diésel 150 kVA Industrial con ATS,Grupo Electrógeno 150KVA,"Grupo electrógeno 150 kVA industrial de alquiler en Equipzilla — respaldo en hoteles, hospitales y eventos masivos"
61,GRUPO ELECTROGENO 200 KVA,COEEGE200,100.05,grupos-electrogenos,Grupo Electrógeno 200 kVA en Alquiler · Equipzilla,"Grupo electrógeno 200 kVA desde 100€/día. Respaldo industrial pesado y obra civil, insonorizado y con ATS. Alquila online en Equipzilla, entrega nacional.","grupo electrógeno 200 kva, alquiler generador 200 kva, generador diésel 200kva, precio generador industrial 200kva, alquiler generador obra civil grande, generador respaldo industria, Himoinsa HFW-200, Pramac GSW220, Atlas Copco QAS 200, generador trifásico 200kva, alquiler grupo electrógeno planta, generador eventos macro","Generador 200 kVA para respaldo de plantas industriales, macroeventos y obras de gran tonelaje donde la continuidad eléctrica es crítica para producción.","En 200 kVA nos movemos ya en respaldo industrial serio: planta productiva con varias líneas simultáneas, obra civil con grúa torre grande y maquinaria auxiliar, campus logístico completo o macroevento con varios escenarios. Es también la talla habitual para hospitales pequeños y residencias que requieren continuidad total. Frente al 150 kVA soporta mejor transitorios de arranque en motores grandes y frente al 250 kVA optimiza consumo cuando la carga estabilizada no justifica 200 kW. Cabina insonorizada industrial con trampillas de servicio, motor diésel turbo de 6 cilindros, alternador sin escobillas con AVR y cuadro digital para integración en esquemas de red-grupo con ATS automático. En Equipzilla comparas precios de unidades Himoinsa HFW-200, Pramac GSW220 o Atlas Copco QAS 200 entre alquiladores verificados con entrega en toda España y presupuesto online en 15 minutos.","• Potencia: 200 kVA / 160 kW (prime)
• Tensión: 400/230V trifásico
• Motor: diésel 6 cilindros turbo
• Insonorización: <78 dB(A) a 7 m
• Depósito: 500 l, autonomía 10-12 h
• Dimensiones: 4,3 x 1,4 x 2,3 m
• Peso operativo: 3.500 kg
• Alternador sin escobillas AVR
• ATS y monitorización remota 4G
• Modelos similares: Himoinsa HFW-200, Pramac GSW220, Atlas Copco QAS 200",Alquiler de Grupo Electrógeno Diésel 200 kVA Industrial para Planta,Grupo Electrógeno 200KVA,Grupo electrógeno 200 kVA industrial de alquiler en Equipzilla — respaldo en plantas productivas y macroeventos
62,GRUPO ELECTROGENO 250 KVA,COEEGE250,124.2,grupos-electrogenos,Grupo Electrógeno 250 kVA en Alquiler · Equipzilla,"Alquila grupo electrógeno 250 kVA desde 124€/día. Respaldo total para industria pesada y data centers, con ATS y entrega en España. Presupuesto online.","grupo electrógeno 250 kva, alquiler generador 250 kva, generador diésel 250kva, precio grupo electrógeno 250kva, alquiler generador industria pesada, generador respaldo data center, Himoinsa HFW-275, Pramac GSW275, Atlas Copco QAS 275, generador trifásico 250kva, alquiler grupo electrógeno temporal, generador planta industrial","Grupo de 250 kVA para cubrir plantas industriales completas, data centers medianos y obras lineales con maquinaria de movimiento de tierras conectada en paralelo.","Con 250 kVA se cubre la demanda completa de una planta industrial mediana, un data center de tamaño medio o una obra lineal (AVE, autopistas, tendidos eléctricos) con talleres móviles, iluminación extensa y maquinaria conectada en paralelo. También es la opción natural como respaldo permanente temporal durante ampliaciones de acometida o en paradas programadas de compañía. Comparado con el 200 kVA gana margen de reserva rotativa para arranques pesados, y comparado con potencias superiores mantiene contenido el coste operativo. Motor diésel 6 cilindros turbo refrigerado por agua, alternador sin escobillas con AVR electrónico, cabina insonorizada industrial y cuadro digital con protocolo Modbus para integración en SCADA. En Equipzilla tienes acceso a unidades Himoinsa HFW-275, Pramac GSW275 o Atlas Copco QAS 275 con comparativa entre alquiladores y entrega nacional.","• Potencia: 250 kVA / 200 kW (prime)
• Tensión: 400/230V trifásico
• Motor: diésel 6 cilindros turbo
• Insonorización: <78 dB(A) a 7 m
• Depósito: 600 l, autonomía 10 h
• Dimensiones: 4,7 x 1,5 x 2,4 m
• Peso operativo: 4.200 kg
• Cuadro digital con Modbus/SCADA
• ATS y telemetría 4G incluidos opcional
• Modelos similares: Himoinsa HFW-275, Pramac GSW275, Atlas Copco QAS 275",Alquiler de Grupo Electrógeno Diésel 250 kVA Industrial Insonorizado,Grupo Electrógeno 250KVA,Grupo electrógeno 250 kVA industrial de alquiler en Equipzilla — respaldo en data centers y obras lineales
63,CARRETILLA TT 2500 K 4X4,COMDCT254,84.18,carretilla-diesel,Carretilla Elevadora Todoterreno 4x4 2500 kg · Equipzilla,"Alquila carretilla todoterreno 4x4 de 2.500 kg desde 84€/día. Diésel, mástil dúplex y entrega en obra sin fianza. Reserva online en Equipzilla en 15 minutos.","carretilla todoterreno 4x4, alquiler carretilla elevadora 2500 kg, carretilla diésel todoterreno, alquiler forklift 4x4, precio carretilla todoterreno, carretilla obra 2,5 toneladas, Manitou MSI 25, JCB 930, Hyster H2.5FT, qué es una carretilla todoterreno, alquiler carretilla diesel obra, carretilla elevadora exterior","Carretilla elevadora todoterreno 4x4 de 2.500 kg para manipulación de palés en obra, almacenes exteriores y descarga de camiones sobre terreno irregular.","La carretilla elevadora todoterreno 4x4 de 2.500 kg resuelve la manipulación de cargas paletizadas en entornos exteriores donde una carretilla frontal industrial no entra: obra en ejecución, canteras, almacenes de materiales de construcción, aserraderos y explotaciones agrícolas. Tracción a las cuatro ruedas con neumáticos agresivos para barro y grava, mástil dúplex de 3 m de elevación estándar y horquillas de 1,2 m. Frente a una carretilla industrial convencional, duplica el agarre en pendiente y no se clava en terreno blando; frente a un manipulador telescópico, reduce drásticamente el coste diario cuando solo se necesita elevación estándar sin alcance frontal. Motor diésel de 4 cilindros con transmisión hidrostática para manejo progresivo. En Equipzilla comparas disponibilidad de Manitou MSI 25, JCB 930 o Hyster H2.5FT entre alquiladores verificados de toda España con entrega en obra.","• Capacidad nominal: 2.500 kg
• Altura de elevación: 3 m (mástil dúplex)
• Tracción: 4x4 permanente
• Motor: diésel 4 cilindros 50 kW
• Transmisión: hidrostática
• Dimensiones: 4 x 1,8 x 2,3 m
• Peso operativo: 4.500 kg
• Neumáticos todoterreno agresivos
• Pendiente máxima con carga: 30%
• Modelos similares: Manitou MSI 25, JCB 930, Hyster H2.5FT",Alquiler de Carretilla Elevadora Todoterreno Diésel 4x4 de 2.500 kg,Carretilla Elevadora 4x4 2500KG,Carretilla todoterreno 4x4 de 2.500 kg en alquiler en Equipzilla — manipulación de palés en obra y exteriores
64,MANIPULADOR TL 14M 4000 K,COMDMT144,175.26,manipuladores-telescopicos,Manipulador Telescópico 14m 4000 kg · Equipzilla,"Alquila manipulador telescópico 14m y 4.000 kg desde 175€/día. Obra, agro y logística exterior. Entrega nacional sin fianza. Presupuesto online en Equipzilla.","manipulador telescópico 14m, alquiler telehandler 4000 kg, manipulador Manitou 14m, alquiler manipulador agrícola, precio manipulador telescópico, telehandler construcción, Manitou MT 1440, JCB 540-140, Merlo TF42.7, qué es un manipulador telescópico, alquiler carretilla telescópica, manipulador 4 toneladas","Manipulador telescópico de 14m y 4.000 kg para obra de estructura, cubiertas y manipulación agrícola en fincas con silos, pacas y big-bags.","El manipulador telescópico de 14m con capacidad de 4.000 kg es la máquina estándar en obra de estructura de hormigón y forjados hasta planta cuarta: eleva y posiciona palés de ladrillo, vigas y encofrados sobre el tajo sin necesidad de grúa auxiliar. En sector agrícola y ganadero sustituye a la carretilla en carga de silos, apilado de pacas y movimiento de big-bags, y en logística exterior resuelve cargas especiales en superficies irregulares. Frente a una grúa móvil evita tramitación y permisos para trabajos puntuales, y frente a una carretilla todoterreno convencional añade alcance frontal para depositar cargas sobre estructuras. Brazo telescópico de 3 tramos, tracción 4x4 con 3 modos de dirección (frontal, cangrejo y diagonal), motor diésel turbo. En Equipzilla comparas Manitou MT 1440, JCB 540-140 o Merlo TF42.7 entre alquiladores nacionales con entrega a obra.","• Altura máxima de elevación: 14 m
• Capacidad nominal: 4.000 kg
• Alcance horizontal: 9,5 m
• Motor: diésel turbo 75 kW
• Tracción: 4x4 con 3 modos dirección
• Dimensiones: 5,5 x 2,3 x 2,5 m
• Peso operativo: 8.500 kg
• Neumáticos todoterreno
• Accesorios: horquillas, cuchara, gancho
• Modelos similares: Manitou MT 1440, JCB 540-140, Merlo TF42.7",Alquiler de Manipulador Telescópico 14m 4.000 kg Todoterreno,Manipulador Telescópico 14M,Manipulador telescópico 14m de 4.000 kg de alquiler en Equipzilla — obra de estructura y manipulación agrícola
65,MANIPULADOR TL 17M 4000 K,COMDMT174,191.82,manipuladores-telescopicos,Manipulador Telescópico 17m 4000 kg · Equipzilla,Manipulador telescópico 17m y 4.000 kg desde 191€/día. Alcance para forjados altos y cubiertas industriales. Entrega en España y reserva online en Equipzilla.,"manipulador telescópico 17m, alquiler telehandler 17 metros, manipulador 4000 kg, alquiler Manitou MT 1840, precio manipulador telescópico 17m, telehandler cubiertas, Manitou MT 1840, JCB 540-170, Merlo TF50.8, alquiler manipulador obra alta, carretilla telescópica 17m, telehandler industrial","Manipulador telescópico 17m de 4.000 kg para elevación en cubiertas industriales, forjados altos y acopios en obras de gran volumen donde el 14m se queda corto.","Con 17 metros de altura, este manipulador telescópico de 4.000 kg es la herramienta estándar cuando los forjados superan la quinta planta o las cubiertas industriales requieren posicionamiento de material en el alero sin interferir con la estructura. Es el equipo habitual para montaje de paneles sándwich, cubiertas tipo deck, instalación de climatización en cubierta y acopios distribuidos en obras de gran volumen. Frente al manipulador de 14m gana tres metros críticos para llegar a peto de cubierta en naves industriales tipo, y frente a una grúa torre permite mayor flexibilidad para trabajos concentrados en semanas. Brazo telescópico de 3-4 tramos, tracción 4x4 permanente con dirección cangrejo, cabina con visibilidad mejorada y sistema de nivelación de chasis. En Equipzilla comparas Manitou MT 1840, JCB 540-170 o Merlo TF50.8 entre alquiladores verificados con entrega a obra en toda España.","• Altura máxima de elevación: 17 m
• Capacidad nominal: 4.000 kg
• Alcance horizontal: 13 m
• Motor: diésel turbo 85 kW
• Tracción: 4x4 con 3 modos dirección
• Nivelación de chasis hidráulica
• Dimensiones: 6 x 2,3 x 2,6 m
• Peso operativo: 10.500 kg
• Accesorios: horquillas, cesta, gancho, cuchara
• Modelos similares: Manitou MT 1840, JCB 540-170, Merlo TF50.8",Alquiler de Manipulador Telescópico 17m 4.000 kg Todoterreno 4x4,Manipulador Telescópico 17M,Manipulador telescópico 17m de 4.000 kg de alquiler en Equipzilla — montaje de cubiertas industriales y forjados altos
66,MINIEXCAVADORA CADENAS 5000 K,COMTME500,179.4,miniexcavadoras,Miniexcavadora 5T Cadenas en Alquiler · Equipzilla,"Miniexcavadora de cadenas 5.000 kg desde 179,40€/día. Ideal para zanjas y urbanización, entrega en obra 24-48h. Pide presupuesto online en 15 min.","miniexcavadora 5 toneladas, alquiler miniexcavadora cadenas, alquilar excavadora 5000 kg, miniexcavadora precio día, excavadora compacta alquiler, alquiler maquinaria obra, miniexcavadora zanjas, precio miniexcavadora, Takeuchi TB250, Kubota U48, Bobcat E50, miniexcavadora oruga","Miniexcavadora de cadenas de 5 toneladas para excavación de zanjas, cimentaciones y trabajos de urbanización con acceso estrecho y baja presión sobre el suelo.","La miniexcavadora de cadenas de 5.000 kg es la herramienta estándar en obra civil urbana: excavación de zanjas para saneamiento, cimentaciones de vivienda unifamiliar, jardinería pesada y reparación de firmes. Su tren de cadenas reparte la carga y permite trabajar sobre pavimentos delicados o terrenos blandos sin marcar. En el rango de 5 toneladas encontrarás modelos tipo Takeuchi TB250, Kubota U48-4 o Bobcat E50 con cazo intercambiable. Frente a una retroexcavadora mixta, la miniexcavadora de 5t ofrece mejor maniobrabilidad en espacios reducidos y transporte sencillo en remolque. Con profundidad de excavación en torno a 3,7 m y potencia de 29-35 kW, cubre la mayoría de trabajos de jardinería profesional, pequeñas urbanizaciones y reformas. En Equipzilla comparas tarifas de alquiladores verificados de toda España, gestionas entrega en obra y recibes presupuesto cerrado por día, semana o mes en pocos minutos.","• Peso operativo: 4.800-5.200 kg
• Profundidad de excavación: 3,7 m
• Alcance máximo: 6,1 m
• Potencia motor diésel: 29-35 kW
• Dimensiones: 5,40 x 1,96 x 2,55 m
• Capacidad cazo estándar: 0,14 m³
• Tren de rodaje: cadenas de goma o acero
• Pendiente máxima: 30°
• Cabina ROPS/FOPS con climatización
• Modelos similares: Takeuchi TB250, Kubota U48-4, Bobcat E50",Alquiler de Miniexcavadora de Cadenas 5.000 kg (5 toneladas),Miniexcavadora 5000K,Miniexcavadora de cadenas de 5.000 kg de alquiler en Equipzilla — excavación de zanjas en obra urbana
67,MINIEXCAVADORA CADENAS 6000 K,COMTME600,187.68,miniexcavadoras,Miniexcavadora 6T Cadenas en Alquiler · Equipzilla,"Alquila miniexcavadora de cadenas 6.000 kg desde 187,68€/día. Profundidad 4 m para cimentaciones y obra civil. Entrega nacional, reserva online.","miniexcavadora 6 toneladas, alquiler miniexcavadora 6000 kg, excavadora cadenas alquiler, miniexcavadora obra civil, alquilar excavadora compacta, precio alquiler miniexcavadora, excavadora 6 ton, miniexcavadora cimentaciones, Kubota KX057, Takeuchi TB260, JCB 55Z, Yanmar ViO57","Equipo de 6 toneladas con mayor fuerza de arranque que el modelo de 5t, pensado para movimiento de tierras medio, zanjas profundas y derribos controlados.","La miniexcavadora de cadenas de 6.000 kg es el salto lógico cuando la de 5t se queda corta: zanjeo a más de 4 metros, demolición de muretes, movimiento de tierras en parcelas medianas y tareas de obra civil donde se requiere más fuerza de arrastre y brazo más largo. Modelos habituales en el rango de 6 toneladas son el Kubota KX057-5, Takeuchi TB260 o JCB 55Z-1, con cazos de 30-60 cm intercambiables. Respecto a una excavadora de 8t, la de 6 toneladas sigue siendo transportable en remolque de empresa y accede a viales estrechos, pero ya monta motor diésel de 40-45 kW y circuito hidráulico para martillo rompedor. Cabina cerrada con climatización y tren de cadenas de goma para no dañar aceras. En Equipzilla localizas al alquilador más cercano de nuestra red nacional, comparas condiciones de entrega y cierras el alquiler con presupuesto online sin papeleo.","• Peso operativo: 5.800-6.200 kg
• Profundidad de excavación: 4,0 m
• Alcance máximo: 6,4 m
• Potencia motor: 40-45 kW
• Dimensiones: 5,75 x 1,96 x 2,60 m
• Fuerza de arranque cazo: 45 kN
• Cadenas de goma 400 mm
• Pendiente máxima: 30°
• Circuito hidráulico auxiliar para martillo
• Modelos similares: Kubota KX057-5, Takeuchi TB260, Yanmar ViO57",Alquiler de Miniexcavadora de Cadenas 6.000 kg (6 toneladas),Miniexcavadora 6000K,Miniexcavadora de cadenas 6 toneladas en alquiler Equipzilla — movimiento de tierras y zanjeo en obra civil
68,MINIEXCAVADORA CADENAS 9000 K,COMTME900,226.32,miniexcavadoras,Miniexcavadora 9T Cadenas en Alquiler | Equipzilla,"Excavadora compacta 9.000 kg desde 226,32€/día. Brazo hasta 7,2 m y martillo hidráulico disponible. Red nacional, entrega en obra y reserva 24h.","miniexcavadora 9 toneladas, alquiler excavadora 9000 kg, excavadora compacta cadenas, alquilar miniexcavadora grande, excavadora 9 ton precio, excavadora media alquiler, maquinaria obra civil, excavadora martillo hidráulico, Kubota KX080, Takeuchi TB290, JCB 86C, Bobcat E85","Excavadora compacta de 9 toneladas para derribos, saneamientos profundos y desmontes medianos donde una miniexcavadora estándar ya no tiene fuerza suficiente.","Con 9.000 kg de peso operativo, esta excavadora compacta cubre el hueco entre la miniexcavadora tradicional y la excavadora pesada. Se emplea en derribos de vivienda unifamiliar, saneamiento profundo en urbanizaciones, ejecución de sótanos, movimiento de tierras en pequeñas canteras y obra pública. Modelos de referencia del segmento: Kubota KX080-4, Takeuchi TB290 o JCB 86C-1. Frente a una excavadora de 14t, la de 9 toneladas conserva la capacidad de girar en espacios reducidos y puede transportarse con góndola estándar, pero ya ofrece brazo de 7,2 m de alcance, potencia de 50-55 kW y circuito hidráulico compatible con martillo rompedor, cizalla o cazo de limpieza. Cabina ROPS/FOPS con cámara trasera y aire acondicionado para jornadas largas. En Equipzilla comparas precios de alquiladores con seguro incluido en toda España y recibes el parte de entrega online.","• Peso operativo: 8.700-9.200 kg
• Profundidad de excavación: 4,7 m
• Alcance máximo: 7,2 m
• Potencia motor diésel: 50-55 kW
• Dimensiones: 6,20 x 2,32 x 2,68 m
• Fuerza de arranque: 62 kN
• Cadenas de goma o acero 450 mm
• Pendiente máxima: 30°
• Circuito auxiliar doble efecto para martillo
• Modelos similares: Kubota KX080-4, Takeuchi TB290, JCB 86C-1",Alquiler de Miniexcavadora de Cadenas 9.000 kg (9 toneladas),Miniexcavadora 9000K,Excavadora compacta de cadenas 9 toneladas de alquiler en Equipzilla — derribos y saneamiento profundo
69,CARRETILLA FRONTAL DIES. 2000K,INCFDI020,58.65,carretilla-diesel,Carretilla Diésel 2.000 kg en Alquiler · Equipzilla,"Carretilla elevadora diésel de 2 toneladas desde 58,65€/día. Uso exterior, patios y carga/descarga de camión. Presupuesto online en 15 minutos.","carretilla elevadora diesel 2000 kg, alquiler toro diesel 2 toneladas, alquilar carretilla frontal, carretilla contrapesada diesel, carretilla 2 tn precio, alquiler toro logística, carretilla exterior, toro mecánico diesel, Linde H20D, Toyota 8FD20, Still RX70, Manitou MI20D","Carretilla contrapesada diésel de 2.000 kg para patios logísticos y exteriores con terreno firme: carga y descarga de camión, almacenes abiertos y obra.","La carretilla elevadora diésel de 2.000 kg es el caballo de batalla de patios logísticos, naves sin restricción de emisiones y obras con zona de acopio. Se usa a diario para descarga de camiones de lona, movimiento de palés europeos, colocación de sacos big bag de mortero y abastecimiento a línea de producción. Modelos de referencia en 2t: Linde H20D, Toyota 8FD20, Manitou MI20D o Still RX70. Frente a la versión eléctrica, el diésel ofrece autonomía ilimitada con depósito lleno, mayor par para rampas y tolerancia total a suelos mojados o irregulares, por eso sigue siendo estándar en exterior. Altura de elevación estándar 3.300 mm con mástil triplex opcional y desplazador lateral. En Equipzilla accedes a una red nacional de alquiladores, eliges duración por días, semanas o meses y recibes la máquina revisada con su ITV y documentación al día.","• Capacidad nominal: 2.000 kg a 500 mm
• Altura de elevación: 3.300 mm (mástil dúplex)
• Motor diésel: 35-45 kW
• Dimensiones: 3,60 x 1,15 x 2,15 m
• Peso operativo: 3.400 kg
• Radio de giro: 2.050 mm
• Velocidad máxima: 19 km/h
• Neumáticos superelásticos
• Desplazador lateral incluido
• Modelos similares: Linde H20D, Toyota 8FD20, Manitou MI20D",Alquiler de Carretilla Elevadora Frontal Diésel 2.000 kg,Carretilla Elevadora Diesel 2000KG,Carretilla elevadora diésel 2.000 kg de alquiler en Equipzilla — carga y descarga de palés en patio exterior
70,CARRETILLA FRONTAL DIES. 2500K,INCFDI025,63.48,carretilla-diesel,Carretilla Diésel 2.500 kg en Alquiler · Equipzilla,"Toro diésel 2.500 kg desde 63,48€/día para obra y logística exterior. Mástil triplex opcional, entrega en toda España. Reserva online sin fianza.","carretilla elevadora diesel 2500 kg, alquiler toro 2.5 toneladas, carretilla frontal diesel alquiler, alquilar carretilla 2500 kilos, toro contrapesado diesel, carretilla diesel precio día, carretilla almacén exterior, alquiler maquinaria logística, Linde H25D, Toyota 8FD25, Hyster H2.5FT, Manitou MI25D","Modelo intermedio de 2.500 kg, el más demandado en logística y construcción por su equilibrio entre capacidad de carga y dimensiones compactas en pasillos.","Con 2.500 kg de capacidad nominal, esta carretilla frontal diésel es la más alquilada en España por cubrir el 80% de cargas paletizadas reales: bobinas de papel, palés de ladrillo, sacos de áridos y maquinaria auxiliar. Equipos como el Linde H25D, Toyota 8FD25, Hyster H2.5FT o Manitou MI25D definen el estándar del segmento. Respecto a la de 2 toneladas, aporta mayor residual a 500 mm y permite mástil triplex de hasta 4.800 mm sin perder estabilidad, útil para estanterías de segundo nivel en naves exteriores. Motor diésel Stage V, transmisión hidrostática o powershift según modelo y cabina con techo FOPS. Tolera pendientes del 20% cargada y funciona sin restricciones en patios mojados gracias a neumáticos superelásticos. En Equipzilla cotizas varios alquiladores en paralelo, eliges entrega en obra o recogida en almacén y firmas el alquiler digitalmente con seguro todo riesgo incluido.","• Capacidad nominal: 2.500 kg a 500 mm
• Altura de elevación: 3.300-4.800 mm
• Motor diésel Stage V: 40-50 kW
• Dimensiones: 3,75 x 1,18 x 2,20 m
• Peso operativo: 4.050 kg
• Radio de giro: 2.180 mm
• Pendiente superable cargada: 20%
• Neumáticos superelásticos
• Transmisión hidrostática con inversor
• Modelos similares: Linde H25D, Toyota 8FD25, Hyster H2.5FT",Alquiler de Carretilla Elevadora Frontal Diésel 2.500 kg,Carretilla Elevadora Diesel 2500KG,Carretilla diésel 2.500 kg en alquiler Equipzilla — movimiento de palés en nave logística exterior
71,CARRETILLA FRONTAL DIES. 3000K,INCFDI030,79.35,carretilla-diesel,Carretilla Diésel 3.000 kg en Alquiler · Equipzilla,"Alquila carretilla diésel 3 toneladas desde 79,35€/día. Para cargas pesadas, big bags y bobinas en obra e industria. Entrega 24-48h en toda España.","carretilla elevadora diesel 3000 kg, alquiler toro 3 toneladas, carretilla frontal 3 tn, alquilar carretilla 3000 kilos, carretilla diesel industria, toro contrapesado 3 toneladas, precio alquiler carretilla 3tn, carretilla big bag, Linde H30D, Toyota 8FD30, Hyster H3.0FT, Manitou MI30D","Toro diésel de 3 toneladas para cargas pesadas: big bags de 1.500 kg, bobinas de acero, bloques de prefabricado y palés sobredimensionados en obra industrial.","Cuando las cargas superan las 2,5 toneladas o tienen centro de gravedad desplazado (bobinas, big bags, prefabricados de hormigón), la carretilla diésel de 3.000 kg es la solución estándar. Su bastidor reforzado y contrapeso de serie garantizan residual suficiente a 600 mm, donde otras máquinas pierden capacidad. Referentes del segmento: Linde H30D, Toyota 8FD30, Hyster H3.0FT o Manitou MI30D. Comparada con una carretilla todoterreno, la 3t frontal es más barata por día, consume menos gasoil y encaja en muelles de carga estándar, por eso se usa en industria del metal, almacenes de materiales de construcción y logística portuaria. Motor diésel de 50-55 kW, mástil dúplex o triplex, desplazador y posicionador de horquillas opcional. En Equipzilla filtras por capacidad, altura de mástil y accesorios, ves disponibilidad real de alquiladores cercanos y gestionas el contrato online con factura electrónica.","• Capacidad nominal: 3.000 kg a 500 mm
• Residual a 600 mm: 2.700 kg
• Altura de elevación: 3.300-5.000 mm
• Motor diésel: 50-55 kW
• Dimensiones: 3,95 x 1,25 x 2,25 m
• Peso operativo: 4.700 kg
• Radio de giro: 2.350 mm
• Neumáticos superelásticos reforzados
• Desplazador y posicionador opcional
• Modelos similares: Linde H30D, Toyota 8FD30, Manitou MI30D",Alquiler de Carretilla Elevadora Frontal Diésel 3.000 kg,Carretilla Elevadora Diesel 3000KG,Carretilla elevadora diésel 3 toneladas de alquiler en Equipzilla — manipulación de big bags y cargas industriales
72,CARRETILLA FRONTAL ELEC.2000K,INCFEL020,63.48,carretilla-electricas,Carretilla Eléctrica 2.000 kg en Alquiler · Equipzilla,"Carretilla elevadora eléctrica 2 toneladas desde 63,48€/día. Cero emisiones para interior y alimentación. Reserva online, entrega en 24-48h.","carretilla elevadora electrica 2000 kg, alquiler toro electrico 2 toneladas, carretilla frontal electrica, alquilar carretilla bateria, carretilla interior sin emisiones, toro electrico alquiler, precio carretilla electrica dia, carretilla almacen, Linde E20, Toyota 8FBE20, Still RX20, Jungheinrich EFG220","Toro eléctrico de 2.000 kg, silencioso y sin emisiones, diseñado para trabajar dentro de naves, industria alimentaria y zonas con restricción ambiental.","La carretilla elevadora eléctrica de 2.000 kg es obligada en espacios cerrados: industria alimentaria, farmacéutica, centros logísticos urbanos y almacenes con ATEX zonas limitadas. Al no emitir gases, permite operar junto a producto a granel sin riesgo sanitario y cumple con las normativas municipales de cero emisiones. Modelos estándar en 2t eléctrica: Linde E20, Toyota 8FBE20, Still RX20 o Jungheinrich EFG 220. Frente al diésel equivalente, reduce ruido por debajo de 65 dB, elimina el mantenimiento del motor térmico y ofrece par instantáneo en arranques. Con batería de plomo-ácido o litio, ofrece 6-8 horas de jornada y permite carga de oportunidad. Mástil dúplex o triplex, desplazador lateral y cabina semiabierta. En Equipzilla comparas alquiladores con cargador incluido, eliges duración flexible desde 1 día y gestionas renovaciones automáticas sin fianza.","• Capacidad nominal: 2.000 kg a 500 mm
• Altura de elevación: 3.300 mm estándar
• Batería: 48V / 500-600 Ah (plomo o litio)
• Autonomía: 6-8 h por carga
• Dimensiones: 3,45 x 1,12 x 2,15 m
• Peso operativo con batería: 3.600 kg
• Radio de giro: 1.900 mm
• Neumáticos superelásticos no marcantes
• Cargador monofásico o trifásico incluido
• Modelos similares: Linde E20, Toyota 8FBE20, Still RX20",Alquiler de Carretilla Elevadora Frontal Eléctrica 2.000 kg,Carretilla Elevadora Eléctrica 2000KG,Carretilla eléctrica 2.000 kg de alquiler en Equipzilla — manipulación de palés en nave interior sin emisiones
73,CARRETILLA FRONTAL ELEC.2500K,INCFEL025,73.83,carretilla-electricas,Carretilla Eléctrica 2.500 kg en Alquiler · Equipzilla,"Toro eléctrico 2.500 kg desde 73,83€/día. Batería de litio opcional, cero emisiones y silencioso. Entrega nacional y presupuesto cerrado online.","carretilla elevadora electrica 2500 kg, alquiler toro electrico 2.5 toneladas, carretilla bateria litio alquiler, carretilla frontal electrica 2500, alquilar toro 2500 kilos, carretilla industrial electrica, toro interior sin emisiones, Linde E25, Toyota 8FBE25, Still RX60-25, Jungheinrich EFG S30","Versión eléctrica intermedia de 2.500 kg, ideal para almacenes de alta rotación con mástil triplex y operación continua en tres turnos con litio.","La carretilla eléctrica de 2.500 kg combina la capacidad más demandada del mercado con la eficiencia energética del motor eléctrico. Se instala en centros de distribución, producción automovilística y grandes superficies donde la operación es continua y el ruido o las emisiones son incompatibles con el entorno. Equipos de referencia: Linde E25, Toyota 8FBE25, Still RX60-25 o Jungheinrich EFG S30. Con batería de litio, acepta carga de oportunidad en las pausas y mantiene la productividad de un diésel sin cambio de batería, amortizando el sobrecoste en pocos meses. Mástil triplex hasta 6 metros, desplazador lateral, asiento con suspensión y pantalla de control digital. En Equipzilla encuentras tanto máquinas con batería de plomo como de litio, comparas alquiladores por disponibilidad inmediata y recibes la carretilla con revisión de mantenimiento al día, cargador y horquillas del largo que necesites.","• Capacidad nominal: 2.500 kg a 500 mm
• Altura de elevación: 3.300-6.000 mm
• Batería: 80V / 500-700 Ah litio o plomo
• Autonomía: 7-9 h / carga oportunidad con litio
• Dimensiones: 3,65 x 1,18 x 2,20 m
• Peso operativo: 4.200 kg
• Radio de giro: 2.020 mm
• Neumáticos superelásticos
• Pantalla LCD con gestión de accesos
• Modelos similares: Linde E25, Toyota 8FBE25, Jungheinrich EFG S30",Alquiler de Carretilla Elevadora Frontal Eléctrica 2.500 kg,Carretilla Elevadora Eléctrica 2500KG,Carretilla eléctrica 2.500 kg en alquiler Equipzilla — operación continua con batería de litio en centro logístico
74,CARRETILLA FRONTAL ELEC.3000K,INCFEL030,83.49,carretilla-electricas,Carretilla Eléctrica 3.000 kg en Alquiler · Equipzilla,"Carretilla eléctrica 3 toneladas desde 83,49€/día. Cargas pesadas en interior con cero emisiones. Red nacional de alquiladores y reserva digital.","carretilla elevadora electrica 3000 kg, alquiler toro electrico 3 toneladas, carretilla 3 tn bateria, alquilar carretilla electrica 3000 kilos, toro electrico industrial, carretilla electrica cargas pesadas, precio carretilla electrica 3tn, Linde E30, Toyota 8FBE30, Still RX60-30, Jungheinrich EFG 430","Toro eléctrico de 3 toneladas para manipular cargas pesadas dentro de nave: bobinas, bloques y palés sobredimensionados sin gases de escape.","Esta carretilla eléctrica de 3.000 kg sustituye al diésel equivalente en aplicaciones interiores exigentes: industria del metal, naves de prefabricados, plantas de embotellado y logística portuaria cubierta. Ofrece la misma capacidad residual a 600 mm que una contrapesada diésel, pero sin emisiones ni vibraciones sobre el operario. Modelos habituales en 3t eléctrica: Linde E30, Toyota 8FBE30, Still RX60-30 o Jungheinrich EFG 430. Frente a un modelo menor, aporta chasis reforzado y mástil capaz de elevar 3 toneladas netas hasta 4,5 m sin pérdida significativa de residual. Batería de litio de gran capacidad o plomo con segunda batería intercambiable, cabina cerrada con climatización opcional y freno regenerativo. En Equipzilla cotizas por duración real de proyecto, desde picos semanales hasta alquileres de 12 meses con opción de compra, y gestionas toda la documentación legal y de seguro desde tu panel.","• Capacidad nominal: 3.000 kg a 500 mm
• Residual a 600 mm: 2.700 kg
• Altura de elevación: 3.300-5.500 mm
• Batería: 80V / 600-800 Ah litio/plomo
• Dimensiones: 3,85 x 1,23 x 2,25 m
• Peso operativo: 4.900 kg
• Radio de giro: 2.180 mm
• Neumáticos superelásticos no marcantes
• Freno regenerativo y control de tracción
• Modelos similares: Linde E30, Toyota 8FBE30, Jungheinrich EFG 430",Alquiler de Carretilla Elevadora Frontal Eléctrica 3.000 kg,Carretilla Elevadora Eléctrica 3000KG,Carretilla eléctrica 3.000 kg de alquiler en Equipzilla — manipulación de cargas pesadas en nave industrial cubierta
75,TRANSPALETA ELEC. A PIE 1800 K,INMITEA18,26.91,transpaletas-electricas,Transpaleta Eléctrica 1.800 kg en Alquiler · Equipzilla,"Transpaleta eléctrica a pie 1.800 kg desde 26,91€/día. Carga y descarga de camión sin esfuerzo físico. Reserva online y entrega en 24-48h.","transpaleta electrica 1800 kg, alquiler transpaleta a pie, transpaleta conductor acompañante, alquilar transpaleta electrica bateria, transpaleta 1800 kilos precio, transpaleta almacen alquiler, transpaleta litio, transpaleta sin conductor, Jungheinrich EJE 118, Linde MT15, Still EXU 18, Toyota LPE200","Transpaleta eléctrica de conductor acompañante con 1.800 kg de capacidad, pensada para descarga de camiones y trayectos cortos dentro de nave.","La transpaleta eléctrica a pie de 1.800 kg es la unidad básica de cualquier almacén mediano: descarga de camiones, movimientos cortos entre muelle y estanterías, y preparación de pedidos por zonas. Elimina el esfuerzo físico del modelo manual y multiplica la productividad sin necesidad de carnet de carretillero. Modelos estándar del segmento: Jungheinrich EJE 118, Linde MT15, Still EXU 18 o Toyota LPE200. Frente a una transpaleta manual, reduce bajas por lumbalgia, permite tramos de hasta 40 m sin fatiga y sube rampas de muelle sin ayuda. Batería de litio integrada con carga en cualquier enchufe 220V, timón ergonómico con botonera Tortuga y sistema de frenado automático al soltar el mango. En Equipzilla encuentras alquiladores con stock inmediato, alquileres desde 1 día hasta renting mensual y cargador incluido en todas las máquinas sin coste adicional.","• Capacidad nominal: 1.800 kg
• Altura de elevación horquillas: 120 mm
• Batería litio: 24V / 20-25 Ah
• Autonomía: 4-6 h uso continuo
• Dimensiones: 1,70 x 0,72 x 1,25 m
• Peso propio: 140 kg
• Velocidad: 5 km/h sin carga
• Rueda motriz poliuretano
• Cargador integrado 220V monofásico
• Modelos similares: Jungheinrich EJE 118, Linde MT15, Still EXU 18",Alquiler de Transpaleta Eléctrica a Pie 1.800 kg,Transpaleta a pie 1800KG,Transpaleta eléctrica 1.800 kg de alquiler en Equipzilla — descarga de camión y traslado de palés en almacén
76,TRANSPALETA ELEC. A PIE 2000 K,INMITEA20,28.98,transpaletas-electricas,Transpaleta Eléctrica 2.000 kg en Alquiler · Equipzilla,"Alquila transpaleta eléctrica a pie 2 toneladas desde 28,98€/día. Batería litio, carga rápida y sin carnet. Presupuesto online en 15 min.","transpaleta electrica 2000 kg, alquiler transpaleta 2 toneladas, transpaleta a pie bateria, alquilar transpaleta electrica almacen, transpaleta 2000 kilos, transpaleta conductor acompañante, transpaleta litio 24v, precio transpaleta electrica, Jungheinrich EJE 120, Linde MT20, Still EXU 20, Toyota LPE220","Modelo de 2.000 kg, el más extendido en logística europea por ajustarse al palé EUR de 1.000 kg doble sin forzar la máquina en jornada completa.","Con 2.000 kg de capacidad, esta transpaleta eléctrica a pie es el estándar del palé europeo duplicado y cubre la mayoría de operaciones de almacén general: recepción, ubicación en estantería baja, picking por palé completo y carga de reparto a furgoneta. Referencias habituales: Jungheinrich EJE 120, Linde MT20, Still EXU 20 y Toyota LPE220. Respecto al modelo de 1.800 kg, ofrece mayor margen de seguridad trabajando en picos de carga y monta batería algo mayor para turnos largos. Timón con reducción de velocidad en espacios estrechos, ruedas estabilizadoras, sensor de protección del operario y pantalla LCD con nivel de batería. Batería de litio con carga en cualquier punto durante las pausas. En Equipzilla comparas alquiladores por proximidad y disponibilidad, eliges entre contratos flexibles de día, semana o mes, y obtienes factura única consolidada para varios equipos si lo necesitas.","• Capacidad nominal: 2.000 kg
• Altura de elevación: 120 mm
• Batería litio: 24V / 30 Ah
• Autonomía: 6-8 h uso continuo
• Dimensiones: 1,72 x 0,72 x 1,27 m
• Peso propio: 155 kg
• Velocidad: 5,5 km/h sin carga
• Pendiente superable: 8% sin carga
• Rueda motriz poliuretano + estabilizadoras
• Modelos similares: Jungheinrich EJE 120, Linde MT20, Toyota LPE220",Alquiler de Transpaleta Eléctrica a Pie 2.000 kg,Transpaleta a pie 2000KG,Transpaleta eléctrica a pie 2.000 kg de alquiler en Equipzilla — picking y ubicación de palés EUR
77,TRANSPALETA MANUAL 2500KG,INMITM025,11.04,transpaletas-electricas,Transpaleta Manual 2.500 kg en Alquiler · Equipzilla,"Transpaleta manual 2.500 kg desde 11,04€/día. Sin batería, sin mantenimiento y lista para usar. Entrega en España y reserva online sin fianza.","transpaleta manual 2500 kg, alquiler transpaleta manual, transpaleta hidraulica 2500 kilos, alquilar transpaleta sin bateria, transpaleta palé europeo, transpaleta 2.5 toneladas, precio alquiler transpaleta manual, transpaleta acero, Jungheinrich AM22, Still HPT-25, Linde M25, Toyota Lifter","Transpaleta manual hidráulica de 2.500 kg para almacenes pequeños, tiendas y obras donde no compensa una máquina eléctrica por volumen de movimientos.","La transpaleta manual de 2.500 kg sigue siendo la herramienta más rentable para mover palés puntualmente: tiendas, obras con pocos movimientos al día, almacenes de temporada o refuerzo en épocas pico. No requiere carga, mantenimiento ni operario cualificado y se pone en marcha en 5 segundos. Modelos estándar del segmento: Jungheinrich AM 22, Still HPT-25, Linde M25 o Toyota Lifter. Frente a una eléctrica, el coste por día es hasta 3 veces menor y no hay riesgo de avería electrónica, aunque requiere esfuerzo físico en trayectos largos. Bomba hidráulica con triple función (subida, bajada controlada y transporte), horquillas de 1.150 mm, ruedas de nylon o poliuretano y chasis de acero reforzado para 2.500 kg netos. En Equipzilla localizas alquiladores con entrega exprés, pides varias unidades a la vez para campañas temporales y devuelves sin penalización si terminas antes.","• Capacidad nominal: 2.500 kg
• Altura de elevación: 200 mm
• Longitud horquillas: 1.150 mm
• Ancho entre horquillas: 550 mm
• Bomba hidráulica de 3 posiciones
• Peso propio: 75 kg
• Ruedas de carga: nylon o poliuretano
• Rueda directriz: goma maciza
• Sin batería, sin mantenimiento
• Modelos similares: Jungheinrich AM 22, Still HPT-25, Linde M25",Alquiler de Transpaleta Manual Hidráulica 2.500 kg,Transpaleta manual 2500KG,Transpaleta manual 2.500 kg de alquiler en Equipzilla — movimiento puntual de palés en tienda y almacén
78,APILADOR ELECTRICO A PIE 1600K,INMIAPA16,42.09,apilador-electrico,Apilador Eléctrico 1.600 kg en Alquiler · Equipzilla,"Apilador eléctrico a pie 1.600 kg desde 42,09€/día. Eleva palés hasta 3 m sin carretilla. Entrega en toda España y reserva online inmediata.","apilador electrico 1600 kg, alquiler apilador a pie, apilador bateria 1600 kilos, alquilar apilador electrico almacen, apilador conductor acompañante, apilador vs transpaleta, apilador palé europeo, precio alquiler apilador, Jungheinrich EJC 216, Linde L16, Still EGV 16, Toyota Staxio","Apilador eléctrico a pie de 1.600 kg que combina el transporte de la transpaleta con la elevación a estantería baja, sin necesidad de carretilla contrapesada.","El apilador eléctrico a pie de 1.600 kg resuelve el hueco entre la transpaleta y la carretilla contrapesada: permite ubicar palés en el primer y segundo nivel de estantería sin pasar por una máquina de conductor sentado ni requerir carnet B+E. Se utiliza en almacenes de distribución, comercio mayorista, tiendas DIY y trasteros profesionales. Modelos de referencia: Jungheinrich EJC 216, Linde L16, Still EGV 16 o Toyota Staxio. Frente a una contrapesada, ahorra espacio (pasillo de 2,3 m frente a 3,5 m), consume menos batería y su coste de alquiler es la mitad. Mástil dúplex o triplex hasta 3-4,5 m, patines estabilizadores bajo horquillas, batería de litio con carga rápida y pantalla digital. En Equipzilla eliges apilador con la altura de elevación exacta que necesitas y comparas tarifas de alquiladores con entrega incluida.","• Capacidad nominal: 1.600 kg
• Altura de elevación: 2.900-4.500 mm
• Batería litio: 24V / 75-100 Ah
• Autonomía: 5-7 h uso continuo
• Dimensiones: 1,95 x 0,85 x 2,10 m (mástil bajado)
• Peso operativo: 600 kg
• Ancho pasillo de trabajo: 2,30 m
• Patines estabilizadores bajo horquillas
• Cargador integrado 220V
• Modelos similares: Jungheinrich EJC 216, Linde L16, Still EGV 16",Alquiler de Apilador Eléctrico a Pie 1.600 kg,Apilador Eléctrico 1600KG,Apilador eléctrico a pie 1.600 kg de alquiler en Equipzilla — ubicación de palés en estantería de almacén
79,APILADOR ELECTRICO A PIE 2000K,INMIAPA20,42.09,apilador-electrico,Apilador Eléctrico 2.000 kg en Alquiler · Equipzilla,"Apilador eléctrico 2 toneladas desde 42,09€/día. Mástil triplex hasta 4,5 m y batería de litio. Presupuesto online y entrega en 24-48h.","apilador electrico 2000 kg, alquiler apilador 2 toneladas, apilador a pie bateria, alquilar apilador electrico 2000 kilos, apilador mastil triplex, apilador conductor acompañante, apilador almacen logistica, precio apilador electrico, Jungheinrich EJC 220, Linde L20, Still EGV 20, Crown ES4000","Apilador reforzado de 2.000 kg con la misma agilidad del 1.600 pero residual ampliado, ideal para palés completos de bebida, materiales o piezas metálicas.","Este apilador eléctrico a pie de 2.000 kg es la versión reforzada para almacenes donde los palés superan los 1.600 kg con regularidad: distribución de bebida, materiales de construcción paletizados, piezas metálicas e industria alimentaria. Modelos estándar: Jungheinrich EJC 220, Linde L20, Still EGV 20 o Crown ES4000. Frente al apilador de 1.600 kg, monta chasis más robusto, motor de elevación de mayor caudal y batería de litio ampliada para soportar elevaciones frecuentes a 4,5 m sin caídas de rendimiento. Incluye sensor de presencia, timón con botonera ergonómica, pantalla de diagnóstico y llave o PIN de acceso para control de operarios. Pasillo de trabajo de 2,4 m y radio de giro ajustado para naves compactas. En Equipzilla gestionas alquileres multi-equipo, renuevas mes a mes sin firmar contratos largos y accedes a soporte técnico a través de la red de alquiladores asociados en toda España.","• Capacidad nominal: 2.000 kg
• Altura de elevación: 2.900-4.500 mm
• Batería litio: 24V / 100-150 Ah
• Autonomía: 6-8 h uso continuo
• Dimensiones: 2,05 x 0,88 x 2,15 m (mástil bajado)
• Peso operativo: 720 kg
• Ancho pasillo de trabajo: 2,40 m
• Acceso por PIN o llave programable
• Cargador integrado 220V
• Modelos similares: Jungheinrich EJC 220, Linde L20, Crown ES4000",Alquiler de Apilador Eléctrico a Pie 2.000 kg,Apilador Eléctrico 2000KG,Apilador eléctrico 2.000 kg en alquiler Equipzilla — elevación de palés pesados a estantería en nave logística
80,COMPRESOR NEUMATICO DE 5.000 L/M,COMNEUDE50,31.74,compresor-de-aire,Compresor Aire 5.000 L/min en Alquiler · Equipzilla,"Compresor neumático portátil 5.000 l/min desde 31,74€/día. Aire para martillos y herramienta neumática en obra. Entrega y reserva online.","compresor aire 5000 l/min, alquiler compresor neumatico, compresor portatil obra, alquilar compresor 5m3, compresor martillo neumatico, compresor diesel alquiler, compresor remolcable, precio compresor dia, Atlas Copco XAS 67, Kaeser M50, Ingersoll Rand 7/41, Compair C42","Compresor neumático portátil de 5.000 l/min (5 m³/min) para alimentar martillos rompedores, clavadoras y herramienta de obra civil con aire a 7 bar.","El compresor de aire de 5.000 l/min es el caballo de batalla para obra pública y construcción: alimenta dos martillos rompedores simultáneos, pistolas de clavos, lijadoras neumáticas, equipos de chorreado y herramienta para reparación de firme. Modelos de referencia del segmento: Atlas Copco XAS 67, Kaeser M50, Ingersoll Rand 7/41 o CompAir C42. Frente a un generador con herramienta eléctrica equivalente, el compresor neumático ofrece mayor par de impacto por kilo de herramienta, tolera ciclos de trabajo continuos y es más seguro en ambientes húmedos. Montado sobre chasis remolcable homologado para circular a 100 km/h, motor diésel Stage V, depósito de combustible para jornada completa y enrollador de manguera opcional. Presión de servicio 7 bar con regulación manual. En Equipzilla encuentras compresores con mangueras, martillos y puntas incluidos en el alquiler, comparas alquiladores cercanos y recibes el equipo con revisión ITV y mantenimiento al día.","• Caudal de aire: 5.000 l/min (5 m³/min)
• Presión de servicio: 7 bar
• Motor diésel Stage V: 36-40 kW
• Dimensiones: 3,10 x 1,45 x 1,40 m
• Peso operativo: 950 kg
• Depósito gasoil: 65 L (jornada completa)
• Chasis remolcable homologado 100 km/h
• Salidas de aire: 2 x 3/4''
• Nivel sonoro: 98 dB(A) LWA
• Modelos similares: Atlas Copco XAS 67, Kaeser M50, Ingersoll Rand 7/41",Alquiler de Compresor de Aire Neumático Portátil 5.000 l/min,Compresor de Aire 5000L/M,Compresor neumático portátil 5.000 l/min de alquiler en Equipzilla — alimentación de martillos rompedores en obra
81,COMPRESOR NEUMATICO DE 7.000 L/M,COMNEUDE70,49.66,compresor-de-aire,Compresor Neumático 7.000 L/min en Alquiler | Equipzilla,"Compresor de aire 7.000 L/min desde 49,66€/día. Ideal para martillos neumáticos y arenado en obra. Entrega 24h en toda España. Presupuesto en 15 min.","compresor neumatico 7000 l/m, alquiler compresor aire, compresor diesel obra, compresor portatil, precio alquiler compresor, compresor 7 m3/min, alquilar compresor martillo neumatico, compresor tornillo, Atlas Copco, Kaeser, compresor remolcable, alquiler compresor industrial, que es un compresor neumatico","Compresor neumático remolcable de 7.000 L/min para alimentar varios martillos a la vez en obra civil, demoliciones y proyectos de arenado industrial.","El compresor neumático de 7.000 L/min es el caudal estándar para alimentar simultáneamente dos martillos rompedores, equipos de arenado, pistolas de chorro o herramienta neumática pesada en obra civil. Se utiliza en demoliciones de pavimento, rehabilitación de fachadas, limpieza de estructuras metálicas y ejecución de zanjas en terrenos rocosos. Frente a un compresor eléctrico, el modelo diésel remolcable ofrece autonomía total en obra sin depender de acometida y con una entrega de aire constante a 7 bar. Los equipos tipo Atlas Copco XAS 87 o Kaeser M50 ofrecen consumo contenido, depósito amplio y baja emisión sonora para entornos urbanos. En Equipzilla comparas en un minuto precios de compresores de 7.000 L/min entre alquiladores homologados de toda España, con entrega coordinada a pie de obra, mantenimiento incluido y presupuesto online sin compromiso.","• Caudal: 7.000 L/min (7 m³/min)
• Presión de trabajo: 7 bar
• Motor: diésel 4 cilindros ~50 CV
• Salidas de aire: 2-3 tomas
• Depósito combustible: 70-90 L
• Autonomía: 8-10 h
• Dimensiones: 3,1 x 1,4 x 1,5 m
• Peso operativo: 850-950 kg
• Remolcable homologado carretera
• Modelos similares: Atlas Copco XAS 87, Kaeser M50",Alquiler de Compresor Neumático Diésel Remolcable 7.000 L/min 7 bar,Compresor de Aire 7000L/M,Compresor neumático diésel de 7.000 L/min de alquiler en Equipzilla — alimentación de martillos rompedores en obra civil
82,DUMPER 1500 FRONTAL RIGIDO,DUM150FROR,25.72,dumpers,Dumper 1500 kg Frontal Rígido en Alquiler · Equipzilla,"Alquila dumper 1.500 kg frontal rígido desde 25,72€/día. Transporte ágil de tierras y escombro en obra. Entrega nacional 24-48h. Reserva online en Equipzilla.","dumper 1500 frontal rigido, alquiler dumper 1500 kg, minidumper obra, dumper descarga frontal, precio alquiler dumper, dumper rigido diesel, alquiler motovolquete, dumper construccion, Ausa, Thwaites, Kubota, transporte escombro obra, que es un dumper","Motovolquete rígido de 1.500 kg con descarga frontal para mover tierra, hormigón y escombro en obras donde el acceso no permite camión.","El dumper 1500 frontal rígido es el caballo de batalla de la obra pequeña y mediana: transporta tierras, grava, hormigón fresco o escombro entre tajos y la zona de acopio con agilidad superior a una carretilla manual. Se emplea en reformas urbanas, cimentaciones, trabajos de jardinería pesada, urbanizaciones y accesos estrechos donde no entra un camión basculante. Frente a la opción giratoria, el dumper rígido ofrece mejor precio/día y descarga frontal rápida sin necesidad de reposicionar la tolva, ideal cuando el vertido se hace siempre en la misma dirección. Con motor diésel de bajo consumo, tracción 4x4 opcional y una anchura inferior a 1,2 m atraviesa pasillos y rampas de obra sin problema. Modelos de referencia como Ausa D150 o Thwaites 1 Ton garantizan disponibilidad inmediata. En Equipzilla comparas alquiladores verificados de toda España y recibes presupuesto en minutos.","• Carga nominal: 1.500 kg
• Capacidad tolva: 820 L colmada
• Descarga: frontal directa
• Motor: diésel 15-20 CV
• Transmisión: hidrostática
• Dimensiones: 2,9 x 1,15 x 2,2 m
• Peso operativo: 1.100 kg
• Velocidad máx.: 20 km/h
• Pendiente superable: 30%
• Modelos similares: Ausa D150, Thwaites 1 Ton",Alquiler de Dumper Frontal Rígido 1.500 kg Diésel para Obra,Dumper 1500KG Frontal Rigido,Dumper rígido de 1.500 kg con descarga frontal de alquiler en Equipzilla — transporte de tierras y escombro en obra
83,DUMPER 1500 GIRATORIO,DUM150GIR,32.78,dumpers,Dumper 1500 kg Giratorio en Alquiler | Equipzilla,"Dumper giratorio 1.500 kg desde 32,78€/día: tolva que rota 180° para descargar donde quieras. Entrega en España 24-48h. Presupuesto online en 15 min.","dumper 1500 giratorio, alquiler dumper giratorio, motovolquete giratorio, dumper tolva giratoria, precio dumper 1500, alquiler minidumper, dumper obra civil, Ausa D150AHG, Thwaites, hormigonera dumper, alquiler dumper jardineria, que es dumper giratorio",Motovolquete de 1.500 kg con tolva giratoria 180° para descargar lateralmente junto al muro o zanja sin maniobrar la máquina.,"El dumper 1500 giratorio suma a la capacidad de transporte la ventaja de una tolva que rota 180°, lo que permite descargar lateralmente sin tener que reposicionar el vehículo. Es la elección habitual para verter hormigón junto a encofrados, rellenar zanjas estrechas o alimentar bombas de mortero en rehabilitación urbana y obra civil. Comparado con el dumper rígido, el modelo giratorio gana productividad en tajos con acceso limitado: el operario descarga a derecha, izquierda o frontal desde la misma posición, reduciendo maniobras y tiempos muertos. Con 1.500 kg de carga nominal, motor diésel y tracción todoterreno opta por el trabajo continuo en terreno irregular. Equipos tipo Ausa D150AHG o Thwaites Hi-Tip son referentes en el mercado. En Equipzilla reúnes la oferta nacional de alquiladores, comparas precio y disponibilidad y cierras la reserva online con entrega coordinada.","• Carga nominal: 1.500 kg
• Giro de tolva: 180°
• Capacidad: 820 L colmada
• Motor: diésel 18-20 CV
• Tracción: 4x4 hidrostática
• Dimensiones: 3,0 x 1,15 x 2,3 m
• Peso operativo: 1.250 kg
• Pendiente superable: 30%
• Ruedas: neumáticas todoterreno
• Modelos similares: Ausa D150AHG, Thwaites Hi-Tip",Alquiler de Dumper Giratorio 1.500 kg con Tolva Rotativa 180°,Dumper 1500KG Giratorio,Dumper giratorio 1.500 kg con tolva rotativa de alquiler en Equipzilla — descarga lateral en zanjas y encofrados
84,DUMPER 3000 ARTICULADO FRONTAL 4 X 4,DUM300ARTF,53.19,dumpers,Dumper 3000 kg Articulado 4x4 Frontal · Equipzilla,"Dumper articulado 3.000 kg 4x4 descarga frontal desde 53,19€/día. Tracción total para terrenos difíciles. Entrega nacional 24h. Reserva en Equipzilla.","dumper 3000 articulado 4x4, alquiler dumper 3 toneladas, dumper frontal 3000 kg, motovolquete articulado, precio dumper 3 tn, alquiler dumper todoterreno, dumper obra publica, Ausa D350, Thwaites 3 Ton, Mecalac, movimiento tierras, que es dumper articulado",Motovolquete articulado 4x4 de 3.000 kg con descarga frontal para movimiento intensivo de tierras en obra pública y urbanizaciones.,"El dumper 3000 articulado frontal 4x4 está diseñado para el transporte intensivo de tierras, zahorras y áridos en obra pública, urbanizaciones, parques eólicos y movimientos de tierra en terreno irregular. Su chasis articulado proporciona un radio de giro reducido y la tracción permanente a las cuatro ruedas garantiza avance firme en barro, pendientes y pistas sin compactar. Frente a un dumper rígido de 1.500 kg, duplica la productividad por viaje y sustituye con ventaja al camión ligero en tajos sin acceso pavimentado. La descarga frontal directa agiliza el vertido en acopio o en tolva de machacadora, mientras que su motor diésel turbo de alrededor de 50 CV mantiene velocidad en carga y consumo contenido. Modelos de referencia como Ausa D350AHA o Thwaites 3 Ton marcan el estándar del segmento. En Equipzilla comparas la flota de alquiladores de toda España y reservas online con entrega a pie de obra.","• Carga nominal: 3.000 kg
• Chasis: articulado 4x4
• Capacidad tolva: 1.700 L colmada
• Descarga: frontal
• Motor: diésel turbo 45-55 CV
• Dimensiones: 4,2 x 1,75 x 2,6 m
• Peso operativo: 2.300 kg
• Velocidad máx.: 25 km/h
• Pendiente superable: 45%
• Modelos similares: Ausa D350AHA, Thwaites 3 Ton",Alquiler de Dumper Articulado 3.000 kg 4x4 Descarga Frontal,Dumper 3000KG Frontal 4x4,Dumper articulado 3.000 kg 4x4 frontal de alquiler en Equipzilla — transporte de tierras en obra pública
85,DUMPER 3500 KG ARTICULADO GIRATORIO 4 X 4,DUM350KGAR,53.19,dumpers,Dumper 3500 kg Articulado Giratorio 4x4 | Equipzilla,"Alquila dumper 3.500 kg articulado giratorio 4x4 desde 53,19€/día. Tolva que rota para descarga precisa. Entrega en toda España. Presupuesto en 15 min.","dumper 3500 giratorio 4x4, alquiler dumper articulado giratorio, motovolquete 3.5 tn, dumper tolva giratoria 3500, precio dumper 3500, alquiler dumper hormigon, Ausa D400AHG, Thwaites Swivel, dumper obra civil, dumper todoterreno, que es dumper giratorio 4x4",Dumper articulado 4x4 con tolva giratoria y 3.500 kg de carga para obras donde combinar gran tonelaje y descarga lateral es clave.,"Pensado para obra civil de gran exigencia, el dumper 3500 articulado giratorio 4x4 combina la máxima carga útil del segmento ligero con una tolva giratoria de 180°. Resulta idóneo para alimentar bombas de hormigón, rellenar zanjas profundas, ejecutar drenajes o abastecer tajos de rehabilitación donde maniobrar reiteradamente no es viable. La articulación del chasis y la tracción 4x4 permanente lo hacen solvente en barro, rampas empinadas y pistas forestales, mientras que los 3.500 kg de carga reducen el número de viajes frente a modelos de 1.500-3.000 kg. Con motor diésel de alrededor de 50 CV, transmisión hidrostática y cabina ROPS/FOPS opcional, es la alternativa directa a un camión ligero cuando no hay vial preparado. Modelos como Ausa D400AHG o Thwaites 3 Ton Swivel definen la categoría. En Equipzilla recibes presupuestos comparados de alquiladores verificados en toda España.","• Carga nominal: 3.500 kg
• Chasis: articulado 4x4
• Giro de tolva: 180°
• Capacidad: 1.900 L colmada
• Motor: diésel 50 CV
• Transmisión: hidrostática
• Dimensiones: 4,3 x 1,85 x 2,6 m
• Peso operativo: 2.550 kg
• Pendiente superable: 45%
• Modelos similares: Ausa D400AHG, Thwaites 3 Ton Swivel",Alquiler de Dumper Articulado Giratorio 3.500 kg 4x4 Todoterreno,Dumper 3500KG Giratorio 4x4,Dumper articulado giratorio 3.500 kg 4x4 de alquiler en Equipzilla — descarga lateral en obra civil pesada
86,RETRO 8TN,RET8TN,156.31,miniexcavadoras,Miniexcavadora Retro 8 TN en Alquiler · Equipzilla,"Retroexcavadora 8 toneladas desde 156,31€/día: excavación, zanjeo y demolición ligera. Entrega en España 24-48h. Presupuesto online sin compromiso.","retro 8 tn, alquiler miniexcavadora 8 toneladas, excavadora 8 tn, retroexcavadora 8000 kg, precio alquiler retro 8tn, alquiler excavadora oruga, zanjeo excavacion, Kubota KX080, Takeuchi TB290, Bobcat E85, que es una miniexcavadora, alquilar retro obra","Miniexcavadora de oruga de 8 toneladas para zanjeo profundo, cimentaciones y demoliciones ligeras en obra civil y urbanizaciones.","La retro de 8 TN es la frontera entre miniexcavadora y excavadora media: ofrece potencia de arranque para zanjas de hasta 4 metros, cimentaciones, saneamientos y demoliciones ligeras, manteniendo un ancho contenido que le permite trabajar en calles urbanas y accesos restringidos. Se emplea en redes de abastecimiento, ejecución de piscinas, movimientos de tierra en chalets y labores de carga sobre dumper en obra civil. Frente a una máquina de 5 TN, gana en fuerza de arranque y profundidad de excavación; frente a una de 13-20 TN, aporta movilidad urbana, menor consumo y transporte en góndola estándar sin permisos especiales. Equipada con cazo estándar, enganche rápido hidráulico y circuito para martillo, admite implementos como pinza de demolición o cazo de limpieza. Modelos como Kubota KX080, Takeuchi TB290 o Bobcat E85 representan el estándar del segmento. En Equipzilla contrastas precios y disponibilidad de toda España.","• Peso operativo: 8.000-8.500 kg
• Profundidad excavación: 4,1 m
• Alcance máximo: 6,5 m
• Motor: diésel 45-55 CV
• Cazo estándar: 400-600 mm
• Dimensiones: 5,9 x 2,3 x 2,6 m
• Chasis: orugas de goma o acero
• Circuito hidráulico martillo: sí
• Enganche rápido hidráulico
• Modelos similares: Kubota KX080, Takeuchi TB290, Bobcat E85",Alquiler de Miniexcavadora Retro de Oruga 8 Toneladas,Miniexcavadora 8TN,Miniexcavadora retro de 8 toneladas sobre orugas de alquiler en Equipzilla — zanjeo y cimentaciones en obra civil
87,"MINICARGADORA 2,4 TN (B-S450)",MIN24TNBS4,90.36,minicargadoras,"Minicargadora 2,4 TN S450 en Alquiler | Equipzilla","Minicargadora 2.400 kg tipo Bobcat S450 desde 90,36€/día. Carga, nivelación y limpieza en espacios estrechos. Entrega nacional. Reserva online en Equipzilla.","minicargadora 2.4 tn, alquiler minicargadora s450, Bobcat S450, minicargadora ruedas, precio alquiler minicargadora, skid steer 2400 kg, minicargadora obra, alquiler pala compacta, minicargadora JCB, Cat 226, que es una minicargadora, minicargadora demolicion","Minicargadora compacta de 2.400 kg, estilo Bobcat S450, para cargar, nivelar y limpiar en naves, patios y obras con poco espacio.","La minicargadora de 2,4 TN tipo Bobcat S450 es la máquina estrella para trabajos en espacios reducidos: naves industriales, granjas, patios urbanos, reformas interiores y mantenimiento de comunidades. Su chasis compacto inferior a 1,6 m de ancho atraviesa puertas y pasillos donde no entra una pala cargadora convencional, y su capacidad de giro sobre sí misma multiplica la productividad en tajos con obstáculos. Frente a una carretilla o una pala mediana, gana en versatilidad gracias a su enganche universal: en minutos cambia el cazo por una barredora, fresadora de asfalto, ahoyador, escobón recolector o pinza de demolición. Con 45-50 CV y capacidad operativa en torno a 680 kg, cubre la mayoría de trabajos de movimiento de tierras ligero. Modelos como Bobcat S450, JCB 155 o Cat 226D3 definen el estándar. Equipzilla agrupa la oferta nacional con presupuesto online en minutos.","• Peso operativo: 2.400 kg
• Capacidad operativa nominal: 680 kg
• Carga de vuelco: 1.360 kg
• Motor: diésel 45-50 CV
• Anchura: 1,52 m
• Altura volcado cazo: 2,7 m
• Dimensiones: 3,1 x 1,52 x 2,0 m
• Enganche: universal para implementos
• Ruedas neumáticas antipinchazos opc.
• Modelos similares: Bobcat S450, JCB 155, Cat 226D3","Alquiler de Minicargadora Compacta 2,4 Toneladas tipo Bobcat S450",Minicargadora 2.4TN,"Minicargadora compacta 2,4 toneladas tipo Bobcat S450 de alquiler en Equipzilla — trabajos en naves y patios estrechos"
88,MINICARGADORA 3 TN (B-S185),MIN3TNBS1,102.44,minicargadoras,Minicargadora 3 TN S185 en Alquiler · Equipzilla,"Alquila minicargadora 3.000 kg tipo Bobcat S185 desde 102,44€/día. Más fuerza de carga y cazo mayor. Entrega 24-48h en España. Presupuesto en 15 min.","minicargadora 3 tn, alquiler minicargadora s185, Bobcat S185, skid steer 3000 kg, minicargadora ruedas 3tn, precio alquiler minicargadora 3 toneladas, JCB 175, Cat 236, minicargadora agricola, minicargadora demolicion, que es minicargadora, alquiler pala compacta",Escala un paso más de carga: minicargadora de 3 toneladas tipo Bobcat S185 con mayor fuerza de arranque y cazo de más capacidad.,"Cuando la minicargadora de 2,4 TN se queda corta, la de 3 TN tipo Bobcat S185 ofrece un salto claro en productividad: mayor capacidad operativa, cazo más ancho y mejor rendimiento con implementos exigentes como fresadora de asfalto, pinza o martillo hidráulico. Se utiliza de forma intensiva en demolición selectiva, limpieza de naves ganaderas, urbanización, jardinería pesada y carga de áridos en canteras pequeñas. Frente a una pala cargadora rígida, mantiene la ventaja del giro sobre el eje y el ancho reducido para pasar por puertas industriales, pero con la fuerza necesaria para mover paletas de bloque, sacos big-bag o escombro mixto. Motor diésel en torno a 60 CV, enganche universal y opción de ruedas o cadenas de goma según terreno. Modelos de referencia: Bobcat S185, JCB 175 o Cat 236D3. En Equipzilla comparas alquiladores verificados y cierras online.","• Peso operativo: 3.000 kg
• Capacidad operativa nominal: 850 kg
• Carga de vuelco: 1.700 kg
• Motor: diésel 55-60 CV
• Altura de volcado: 2,9 m
• Dimensiones: 3,3 x 1,63 x 2,0 m
• Anchura: 1,63 m
• Enganche universal para accesorios
• Ruedas o cadenas sobre neumático
• Modelos similares: Bobcat S185, JCB 175, Cat 236D3",Alquiler de Minicargadora sobre Ruedas 3 Toneladas tipo Bobcat S185,Minicargadora 3TN,Minicargadora 3 toneladas tipo Bobcat S185 de alquiler en Equipzilla — carga de escombro y paletas en obra
89,MINICARGADORA FRONTAL RIGIDA 3.2TN,MINFRORI01,97.62,minicargadoras,"Minicargadora Frontal Rígida 3,2 TN | Equipzilla","Minicargadora frontal rígida 3,2 toneladas desde 97,62€/día: carga, nivelación y manejo de implementos en obra. Entrega nacional. Reserva online en Equipzilla.","minicargadora 3.2 tn, minicargadora frontal rigida, alquiler skid steer 3200 kg, precio minicargadora 3 toneladas, alquiler pala compacta, Bobcat S530, JCB 190, Cat 242, minicargadora demolicion, minicargadora obra civil, que es minicargadora rigida, alquiler minicargadora industrial","Pala compacta rígida de 3,2 TN para cargas continuas de áridos, nivelación de explanadas y uso intensivo de implementos hidráulicos.","La minicargadora frontal rígida de 3,2 TN está dimensionada para trabajos de carga continua y uso intensivo de implementos, situándose un peldaño por encima de las versiones de 2,4 y 3 TN. Es la herramienta habitual en áridos, reciclaje de residuos, plantas de compostaje, naves logísticas y urbanización, donde debe mover paletas de bloque, alimentar tolvas o cargar camión de forma repetitiva. Frente a un manipulador telescópico pequeño gana en radio de giro y precio/día; frente a una pala cargadora convencional, gana en compacidad sin renunciar a la fuerza de arranque. Con motor diésel en torno a 65-75 CV, circuito hidráulico reforzado para accesorios tipo barredora, cepillo recolector, fresadora o cuchilla quitanieves, se adapta a necesidades muy variadas. Modelos de referencia: Bobcat S530, JCB 190T o Cat 242D3. En Equipzilla comparas ofertas de alquiladores en toda España y gestionas la entrega en obra.","• Peso operativo: 3.200 kg
• Capacidad operativa nominal: 900 kg
• Carga de vuelco: 1.800 kg
• Motor: diésel 65-75 CV
• Altura de volcado: 3,0 m
• Dimensiones: 3,4 x 1,75 x 2,1 m
• Chasis: rígido de alta resistencia
• Circuito hidráulico auxiliar reforzado
• Enganche universal implementos
• Modelos similares: Bobcat S530, JCB 190T, Cat 242D3","Alquiler de Minicargadora Frontal Rígida 3,2 Toneladas para Obra Intensiva",Minicargadora 3.2TN Rigida,"Minicargadora frontal rígida de 3,2 toneladas de alquiler en Equipzilla — carga de áridos y uso con implementos hidráulicos"
90,RODILLO DUPLEX 88,RODDUP88,49.17,rodillo-compactador,Rodillo Dúplex 88 Vibrante en Alquiler · Equipzilla,"Rodillo dúplex 88 cm desde 49,17€/día: compactación de aceras, zanjas y reparaciones de asfalto. Entrega 24h en España. Presupuesto en Equipzilla.","rodillo duplex 88, alquiler rodillo compactador dúplex, rodillo vibrante manual, rodillo peaton 88 cm, compactador asfalto, precio alquiler rodillo duplex, Bomag BW71, Wacker Neuson, Ammann ARW, compactador zanjas, que es un rodillo duplex, alquiler rodillo acera","Rodillo dúplex vibrante de 88 cm para compactar aceras, arcenes, zanjas y parcheos de asfalto con operario a pie.","El rodillo dúplex 88 es un compactador vibrante de conducción a pie con dos tambores de 88 cm de ancho, pensado para acabados de asfalto, aceras, carriles bici, arcenes y compactación final de zanjas. Gracias a su peso operativo ajustado y su sistema de vibración ofrece una densidad homogénea sobre aglomerado asfáltico en caliente sin dejar marcas, tarea en la que un rodillo tándem de 1.500 kg resulta excesivo. Se emplea habitualmente en parcheo urbano, reparación de bacheo, pavimentación de zonas peatonales y ejecución de arcenes donde la anchura de trabajo debe ser reducida. Con motor diésel o gasolina según modelo, manillar plegable antivibratorio y sistema de aspersión de agua para evitar adherencia del asfalto, es un equipo sencillo de operar y transportar en furgoneta. Referencias del segmento: Bomag BW71E, Wacker Neuson RD7 o Ammann ARW 65. En Equipzilla comparas alquiladores en toda España.","• Anchura de trabajo: 880 mm
• Peso operativo: 700-800 kg
• Frecuencia vibración: 55-60 Hz
• Fuerza centrífuga: 14-16 kN
• Motor: diésel/gasolina 5-8 CV
• Depósito agua: 50-60 L
• Dimensiones: 2,0 x 0,9 x 1,2 m
• Pendiente superable: 30%
• Conducción: peatón con manillar
• Modelos similares: Bomag BW71E, Wacker RD7, Ammann ARW 65",Alquiler de Rodillo Compactador Dúplex 88 cm Vibrante Peatón,Rodillo Compactador Duplex,Rodillo dúplex vibrante de 88 cm de alquiler en Equipzilla — compactación de asfalto en aceras y parcheos urbanos
91,RODILLO TANDEM 900 1500KG,RODTAN9001,74.26,rodillo-compactador,Rodillo Tándem 900 mm 1.500 kg en Alquiler | Equipzilla,"Rodillo tándem 1.500 kg 90 cm desde 74,26€/día: compactación de aglomerado en calles, urbanizaciones y aparcamientos. Entrega en España. Reserva online.","rodillo tandem 1500 kg, alquiler rodillo tandem 900, compactador asfalto 1.5 tn, rodillo vibrante tandem, precio alquiler rodillo 1500, Bomag BW100, Hamm HD10, Ammann AV, rodillo urbanizacion, compactador aglomerado, que es rodillo tandem, alquiler rodillo calle","Rodillo tándem de 1.500 kg y 90 cm de anchura para compactar capas de aglomerado en calles, aparcamientos y urbanizaciones medianas.","El rodillo tándem 900 de 1.500 kg es la respuesta cuando el dúplex se queda corto y el tándem de 3.000 kg resulta excesivo: compacta capas de aglomerado en calles secundarias, aparcamientos, accesos a naves y urbanizaciones, con un acabado superficial limpio y una anchura de trabajo de 90 cm que evita tramos intermedios. Frente a un rodillo autopropulsado de mayor tonelaje, es más manejable en entornos urbanos, más barato de alquilar y se transporta en remolque ligero. Dispone de conducción con asiento, doble tambor vibrante, sistema de riego presurizado para evitar adherencias del aglomerado y motor diésel refrigerado por líquido. Se utiliza también en compactación final de sub-bases granulares antes de pavimentar. Modelos de referencia: Bomag BW100AD, Hamm HD10 o Ammann AV. En Equipzilla accedes a la red nacional de alquiladores, comparas precios y reservas la máquina online con entrega coordinada.","• Anchura de trabajo: 900 mm
• Peso operativo: 1.500 kg
• Tambores: doble vibrante
• Frecuencia vibración: 60 Hz
• Fuerza centrífuga: 18-20 kN
• Motor: diésel 15-20 CV
• Depósito agua: 90-110 L
• Dimensiones: 2,3 x 0,95 x 2,3 m
• Puesto de conducción con asiento
• Modelos similares: Bomag BW100AD, Hamm HD10, Ammann AV",Alquiler de Rodillo Tándem Vibrante 1.500 kg Anchura 900 mm,Rodillo Compactador Tandem 1500KG,Rodillo tándem vibrante de 1.500 kg y 900 mm de alquiler en Equipzilla — compactación de aglomerado en calles urbanas
92,RODILLO TANDEM 1200 3000 KG,RODTAN1203,74.26,rodillo-compactador,Rodillo Tándem 1200 mm 3.000 kg · Equipzilla,"Rodillo tándem 3.000 kg 1,2 m desde 74,26€/día para asfaltado de viales y urbanizaciones. Entrega 24-48h en España. Presupuesto online en Equipzilla.","rodillo tandem 3000 kg, alquiler rodillo tandem 1200, compactador asfalto 3 tn, rodillo vibrante autopropulsado, precio rodillo 3000, Bomag BW120AD, Hamm HD12, Ammann AV33, rodillo viales, compactador urbanizacion, que es rodillo tandem, alquiler rodillo asfalto","Rodillo tándem autopropulsado de 3.000 kg y 1,2 m de ancho para asfaltado intensivo en viales, polígonos y obra pública.","Con 1,2 m de anchura de tambor y 3.000 kg de peso operativo, el rodillo tándem 1200 es el estándar del asfaltado urbano y semiindustrial: viales de polígono, accesos a naves logísticas, refuerzos de firmes, urbanizaciones completas y carreteras secundarias. Su doble tambor vibrante aporta energía de compactación suficiente para capas intermedias y de rodadura sin dejar marcas de unión. Frente al modelo de 1.500 kg, reduce el número de pasadas necesarias y permite atacar obras de mayor volumen; frente a un tándem de 8-13 TN, mantiene maniobrabilidad urbana y coste de transporte moderado en remolque estándar. Va equipado con motor diésel refrigerado por líquido, sistema de riego presurizado doble, asiento articulado y articulación central para excelente seguimiento de huella. Modelos como Bomag BW120AD, Hamm HD12 o Ammann AV33 son referencia habitual en flotas de alquiler. Equipzilla centraliza toda la oferta nacional.","• Anchura de trabajo: 1.200 mm
• Peso operativo: 3.000 kg
• Tambores: doble vibrante
• Frecuencia vibración: 55 Hz
• Fuerza centrífuga: 28-30 kN
• Motor: diésel 25-30 CV
• Depósito agua: 180-200 L
• Dimensiones: 2,6 x 1,28 x 2,5 m
• Articulación central para seguimiento
• Modelos similares: Bomag BW120AD, Hamm HD12, Ammann AV33",Alquiler de Rodillo Tándem Vibrante 3.000 kg Anchura 1.200 mm,Rodillo Compactador Tandem 3000KG,"Rodillo tándem autopropulsado 3.000 kg y 1,2 m de alquiler en Equipzilla — asfaltado de viales y polígonos industriales"
93,RODILLO CLASIFICACION VM2 ( 8TN ),RODCLAVM28,117.66,rodillo-compactador,Rodillo Compactador VM2 8 TN Pata Cabra | Equipzilla,"Rodillo monocilíndrico 8 TN tipo VM2 desde 117,66€/día: compactación de tierras y sub-bases en urbanizaciones. Entrega nacional. Reserva online en Equipzilla.","rodillo vm2 8 tn, alquiler rodillo monocilindrico 8 toneladas, rodillo pata cabra 8000 kg, compactador tierras 8 tn, precio alquiler rodillo 8tn, Bomag BW177, Hamm 3410, Dynapac CA2500, rodillo urbanizacion, compactador subbase, que es rodillo VM2, alquiler rodillo clasificacion","Rodillo monocilíndrico de 8 TN con tambor liso o pata de cabra para compactar tierras, zahorras y sub-bases en urbanizaciones y viales.","El rodillo VM2 de 8 TN es un compactador monocilíndrico autopropulsado destinado a la compactación de explanadas, terraplenes, sub-bases granulares y capas de zahorra en urbanizaciones, viales secundarios, parques eólicos y naves industriales. Con configuración de tambor liso o con pata de cabra (según necesidad de cohesión del suelo), entrega fuerza centrífuga suficiente para alcanzar densidades Proctor exigidas en pliegos de obra civil. Frente a un rodillo de 3 TN es mucho más productivo en grandes superficies; frente a un VM3 de 13 TN aporta mejor acceso a zonas urbanas y menor coste de transporte. Motor diésel en torno a 75-90 CV, tracción hidrostática en ambos ejes, cabina ROPS/FOPS con climatización y asiento con suspensión garantizan jornadas largas sin pérdida de rendimiento. Modelos de referencia: Bomag BW177, Hamm 3410 o Dynapac CA2500. Equipzilla agrupa alquiladores verificados en toda España.","• Peso operativo: 8.000 kg
• Anchura de trabajo: 1.680 mm
• Tambor: liso o pata de cabra
• Fuerza centrífuga: 130-160 kN
• Motor: diésel 75-90 CV
• Transmisión: hidrostática
• Dimensiones: 5,4 x 1,85 x 2,9 m
• Pendiente superable: 50%
• Cabina ROPS/FOPS
• Modelos similares: Bomag BW177, Hamm 3410, Dynapac CA2500",Alquiler de Rodillo Compactador Monocilíndrico VM2 de 8 Toneladas,Rodillo Compactador VM2,Rodillo compactador monocilíndrico VM2 de 8 toneladas de alquiler en Equipzilla — compactación de sub-bases en urbanizaciones
94,RODILLO CLASIFICACION VM3 (13 TN),RODCLAVM31,155.27,rodillo-compactador,Rodillo Compactador VM3 13 TN · Equipzilla,"Rodillo monocilíndrico 13 TN tipo VM3 desde 155,27€/día para compactación pesada en carreteras y obra pública. Entrega en España. Presupuesto online.","rodillo vm3 13 tn, alquiler rodillo monocilindrico 13 toneladas, rodillo pata cabra 13000 kg, compactador obra publica, precio alquiler rodillo 13tn, Bomag BW213, Hamm 3516, Dynapac CA3500, rodillo terraplenes, compactador carretera, que es rodillo VM3, alquiler rodillo clasificacion","Compactador monocilíndrico pesado de 13 TN para terraplenes, presas y explanadas de gran volumen en obra pública e infraestructuras.","En el segmento pesado, el rodillo VM3 de 13 TN es la herramienta estándar para compactación de terraplenes de carretera, núcleos de presas, explanadas ferroviarias, parques logísticos de gran volumen y obra pública de infraestructuras. Su tambor vibrante de 2,1 m (liso o pata de cabra) y la fuerza centrífuga del orden de 280-330 kN permiten alcanzar espesores de compactación superiores a los de un VM2 de 8 TN, reduciendo el número de pasadas por capa. Frente a la opción de 8 TN, justifica su coste cuando la superficie a tratar supera los miles de metros cuadrados o los pliegos exigen densidades especialmente altas. Equipado con motor diésel en torno a 120-130 CV, tracción hidrostática, cabina ROPS/FOPS presurizada y sistema de amplitud variable, cubre tanto capas finales como núcleos de gran espesor. Referentes del mercado: Bomag BW213, Hamm 3516 o Dynapac CA3500. Equipzilla centraliza la oferta nacional con presupuesto comparado.","• Peso operativo: 13.000 kg
• Anchura de trabajo: 2.130 mm
• Tambor: liso o pata de cabra
• Fuerza centrífuga: 280-330 kN
• Amplitud: simple o variable
• Motor: diésel 120-130 CV
• Transmisión: hidrostática
• Dimensiones: 6,0 x 2,30 x 3,0 m
• Cabina ROPS/FOPS presurizada
• Modelos similares: Bomag BW213, Hamm 3516, Dynapac CA3500",Alquiler de Rodillo Compactador Monocilíndrico VM3 de 13 Toneladas,Rodillo Compactador VM3,Rodillo compactador monocilíndrico VM3 de 13 toneladas de alquiler en Equipzilla — compactación de terraplenes en obra pública
